{
  "parametros": {
    "corridas": 100,
    "tiradas_por_corrida": 1000,
    "numero_elegido": 17,
    "total_tiradas": 100000,
    "total_aciertos": 2791
  },
  "estadisticas": {
    "media_aciertos": 27.91,
    "varianza_aciertos": 30.850404040404044,
    "desvio_aciertos": 5.5543140026833235,
    "media_freq_rel": 0.027910000000000008,
    "varianza_freq_rel": 3.0850404040404044e-05,
    "desvio_freq_rel": 0.0055543140026833235,
    "prob_teorica": 0.02702702702702703,
    "prob_empirica": 0.027910000000000008,
    "varianza_teorica_aciertos": 26.29656683710738,
    "varianza_teorica_freq": 2.629656683710738e-05
  },
  "frecuencias_numeros": {
    "0": 2598,
    "1": 2720,
    "2": 2667,
    "3": 2736,
    "4": 2734,
    "5": 2788,
    "6": 2650,
    "7": 2664,
    "8": 2694,
    "9": 2673,
    "10": 2740,
    "11": 2621,
    "12": 2651,
    "13": 2698,
    "14": 2639,
    "15": 2627,
    "16": 2781,
    "17": 2791,
    "18": 2667,
    "19": 2656,
    "20": 2762,
    "21": 2667,
    "22": 2742,
    "23": 2782,
    "24": 2736,
    "25": 2711,
    "26": 2834,
    "27": 2753,
    "28": 2594,
    "29": 2745,
    "30": 2734,
    "31": 2697,
    "32": 2651,
    "33": 2695,
    "34": 2706,
    "35": 2661,
    "36": 2735
  },
  "aciertos_por_corrida": [
    39,
    21,
    24,
    30,
    28,
    27,
    28,
    34,
    26,
    28,
    34,
    25,
    31,
    22,
    27,
    18,
    32,
    28,
    29,
    20,
    25,
    23,
    29,
    33,
    23,
    28,
    23,
    27,
    18,
    27,
    30,
    31,
    24,
    35,
    25,
    35,
    24,
    27,
    22,
    27,
    31,
    31,
    26,
    35,
    36,
    35,
    28,
    32,
    35,
    29,
    27,
    17,
    19,
    23,
    16,
    25,
    28,
    32,
    16,
    40,
    23,
    19,
    25,
    28,
    31,
    29,
    32,
    26,
    35,
    38,
    30,
    32,
    32,
    34,
    34,
    29,
    35,
    16,
    29,
    22,
    29,
    29,
    22,
    22,
    22,
    33,
    33,
    33,
    23,
    30,
    31,
    27,
    37,
    21,
    25,
    26,
    37,
    35,
    19,
    30
  ],
  "frecuencias_relativas": [
    0.039,
    0.021,
    0.024,
    0.03,
    0.028,
    0.027,
    0.028,
    0.034,
    0.026,
    0.028,
    0.034,
    0.025,
    0.031,
    0.022,
    0.027,
    0.018,
    0.032,
    0.028,
    0.029,
    0.02,
    0.025,
    0.023,
    0.029,
    0.033,
    0.023,
    0.028,
    0.023,
    0.027,
    0.018,
    0.027,
    0.03,
    0.031,
    0.024,
    0.035,
    0.025,
    0.035,
    0.024,
    0.027,
    0.022,
    0.027,
    0.031,
    0.031,
    0.026,
    0.035,
    0.036,
    0.035,
    0.028,
    0.032,
    0.035,
    0.029,
    0.027,
    0.017,
    0.019,
    0.023,
    0.016,
    0.025,
    0.028,
    0.032,
    0.016,
    0.04,
    0.023,
    0.019,
    0.025,
    0.028,
    0.031,
    0.029,
    0.032,
    0.026,
    0.035,
    0.038,
    0.03,
    0.032,
    0.032,
    0.034,
    0.034,
    0.029,
    0.035,
    0.016,
    0.029,
    0.022,
    0.029,
    0.029,
    0.022,
    0.022,
    0.022,
    0.033,
    0.033,
    0.033,
    0.023,
    0.03,
    0.031,
    0.027,
    0.037,
    0.021,
    0.025,
    0.026,
    0.037,
    0.035,
    0.019,
    0.03
  ]
}