{
  "parametros": {
    "corridas": 100,
    "tiradas_por_corrida": 1000,
    "numero_elegido": 17,
    "total_tiradas": 100000,
    "total_aciertos": 2713
  },
  "estadisticas": {
    "media_aciertos": 27.13,
    "varianza_aciertos": 25.043535353535358,
    "desvio_aciertos": 5.004351641675009,
    "media_freq_rel": 0.02713000000000001,
    "varianza_freq_rel": 2.504353535353535e-05,
    "desvio_freq_rel": 0.005004351641675008,
    "prob_teorica": 0.02702702702702703,
    "prob_empirica": 0.02713000000000001,
    "varianza_teorica": 2.629656683710738e-05,
    "desvio_teorica": 0.005128017827300075,
    "diferencia_varianzas": 25.04350905696852
  },
  "frecuencias_numeros": {
    "0": 2751,
    "1": 2659,
    "2": 2653,
    "3": 2774,
    "4": 2770,
    "5": 2623,
    "6": 2819,
    "7": 2658,
    "8": 2658,
    "9": 2764,
    "10": 2763,
    "11": 2663,
    "12": 2768,
    "13": 2711,
    "14": 2695,
    "15": 2701,
    "16": 2749,
    "17": 2713,
    "18": 2577,
    "19": 2667,
    "20": 2760,
    "21": 2680,
    "22": 2763,
    "23": 2672,
    "24": 2661,
    "25": 2661,
    "26": 2701,
    "27": 2659,
    "28": 2705,
    "29": 2762,
    "30": 2748,
    "31": 2655,
    "32": 2700,
    "33": 2688,
    "34": 2677,
    "35": 2732,
    "36": 2640
  },
  "aciertos_por_corrida": [
    28,
    13,
    25,
    25,
    31,
    30,
    28,
    31,
    25,
    30,
    25,
    33,
    26,
    26,
    27,
    23,
    21,
    23,
    26,
    20,
    29,
    27,
    19,
    28,
    31,
    29,
    19,
    33,
    29,
    35,
    34,
    16,
    30,
    24,
    23,
    26,
    24,
    33,
    32,
    26,
    17,
    24,
    25,
    26,
    26,
    26,
    22,
    28,
    39,
    30,
    32,
    25,
    17,
    29,
    25,
    31,
    22,
    30,
    35,
    28,
    24,
    32,
    24,
    24,
    41,
    33,
    32,
    28,
    26,
    26,
    26,
    28,
    37,
    20,
    30,
    34,
    22,
    31,
    30,
    23,
    24,
    29,
    30,
    21,
    26,
    29,
    31,
    20,
    28,
    28,
    26,
    38,
    27,
    21,
    27,
    28,
    31,
    27,
    32,
    19
  ],
  "frecuencias_relativas": [
    0.028,
    0.013,
    0.025,
    0.025,
    0.031,
    0.03,
    0.028,
    0.031,
    0.025,
    0.03,
    0.025,
    0.033,
    0.026,
    0.026,
    0.027,
    0.023,
    0.021,
    0.023,
    0.026,
    0.02,
    0.029,
    0.027,
    0.019,
    0.028,
    0.031,
    0.029,
    0.019,
    0.033,
    0.029,
    0.035,
    0.034,
    0.016,
    0.03,
    0.024,
    0.023,
    0.026,
    0.024,
    0.033,
    0.032,
    0.026,
    0.017,
    0.024,
    0.025,
    0.026,
    0.026,
    0.026,
    0.022,
    0.028,
    0.039,
    0.03,
    0.032,
    0.025,
    0.017,
    0.029,
    0.025,
    0.031,
    0.022,
    0.03,
    0.035,
    0.028,
    0.024,
    0.032,
    0.024,
    0.024,
    0.041,
    0.033,
    0.032,
    0.028,
    0.026,
    0.026,
    0.026,
    0.028,
    0.037,
    0.02,
    0.03,
    0.034,
    0.022,
    0.031,
    0.03,
    0.023,
    0.024,
    0.029,
    0.03,
    0.021,
    0.026,
    0.029,
    0.031,
    0.02,
    0.028,
    0.028,
    0.026,
    0.038,
    0.027,
    0.021,
    0.027,
    0.028,
    0.031,
    0.027,
    0.032,
    0.019
  ]
}