Cliente;VentasXnegocio;Total_Pedidos;Total_Despachadas;Total_Cancelado;Total_Pendientes;Meses_Activos;Lineas_Pedido_Total;Cant_SKUs_Distintos;Media_Mensual;Std_Mensual;Min_Mensual;Max_Mensual;Mediana_Mensual;CV_Demanda;Fill_Rate;Tasa_Cancelacion;Frecuencia_Compra_Pct;Ticket_Promedio_Mensual_Activo;Share_Volumen;Share_Acumulado;Clase_ABC;Tipo_Variabilidad;Rol_AnyLogic_Recomendado
MAXICONSUMO S.A.;MAXICONSUMO;1997646;1712036;114083;171527;20;389;20;99882,3;39901,61004547377;36647;173091;100262,5;0,3994862958249236;0,8570267204499696;0,057108716959861756;100,0;99882,3;34,12682291822376;34,12682291822376;A;Demanda Estable (Predictible);Agente Individual Clave (Key Account Agent)
SUPERMERCADOS MAYORISTAS MAKRO;GRANDES CLIENTES;459053;317562;131950;9541;19;236;13;22952,65;14674,95998479257;0;68369;22567,0;0,6393579819669001;0,6917763308376157;0,2874395766937587;95,0;24160,684210526317;7,842240537652502;41,96906345587626;A;Demanda Moderada;Agente Individual Clave (Key Account Agent)
TREOLAND SA;GRANDES CLIENTES;247760;167093;65657;15010;15;74;5;12388,0;11988,708455086087;0;41606;11724,0;0,9677678765810532;0,6744147562156926;0,2650024216984178;75,0;16517,333333333332;4,232612608149351;46,20167606402561;A;Demanda Moderada;Agente Individual Clave (Key Account Agent)
INC S. A.;GRANDES CLIENTES;92391;69137;22329;925;12;48;6;4619,55;5126,661779108158;0;14300;3564,5;1,1097751467368375;0,7483088179584592;0,24167938435561906;60,0;7699,25;1,5783633818192069;47,78003944584482;A;Demanda Erratica / Volatil;Población Distribuidores Mayores (Individual Wholesaler Agents)
GRUPO LEON SA;RED PROPIA;77163;62695;13978;490;20;226;16;3858,15;1719,4362073228049;1437;6880;3926,5;0,4456633897911706;0,812500809973692;0,1811489962806008;100,0;3858,15;1,3182155581313704;49,09825500397619;A;Demanda Estable (Predictible);Población Distribuidores Mayores (Individual Wholesaler Agents)
EL CONDOR SRL;RED PROPIA;75356;67570;7786;0;18;240;17;3767,8;1877,7861152795977;0;6108;3816,0;0,49837733300058323;0,8966771060035034;0,10332289399649663;90,0;4186,444444444444;1,2873456397307979;50,38560064370699;A;Demanda Estable (Predictible);Población Distribuidores Mayores (Individual Wholesaler Agents)
BRUSA S.R.L.;RED PROPIA;72676;68376;3704;596;19;307;24;3633,8;1408,6088172377738;0;5548;3632,0;0,38764071144195433;0,9408332874676647;0,05096593098134185;95,0;3825,0526315789475;1,2415618094521401;51,62716245315913;A;Demanda Estable (Predictible);Población Distribuidores Mayores (Individual Wholesaler Agents)
MARIANO IDELIO SANTOS S.R.L.;RED PROPIA;67450;59599;5469;2382;15;279;25;3372,5;2696,6015161388054;0;9036;3157,0;0,7995853272464953;0,8836026686434396;0,08108228317272054;75,0;4496,666666666667;1,1522833404087574;52,77944579356789;A;Demanda Moderada;Población Distribuidores Mayores (Individual Wholesaler Agents)
SCHAFFER ALFREDO;RED PROPIA;67310;60883;6427;0;17;154;18;3365,5;2285,6938944109224;0;7852;3713,0;0,6791543290479639;0,9045164165800029;0,09548358341999703;85,0;3959,4117647058824;1,1498916477822603;53,92933744135015;A;Demanda Moderada;Población Distribuidores Mayores (Individual Wholesaler Agents)
DEL SUR SRL;RED PROPIA;60544;55793;4751;0;19;215;23;3027,2;2046,0210833919114;0;8167;3093,0;0,6758790576743894;0,921528144820296;0,07847185517970402;95,0;3186,5263157894738;1,03430455984741;54,96364200119756;A;Demanda Moderada;Población Distribuidores Mayores (Individual Wholesaler Agents)
MAROLIO S.A.;MAXICONSUMO;54277;53349;928;0;8;113;19;2713,85;4748,574525996972;0;16078;0,0;1,7497557072045147;0,9829025185621902;0,017097481437809755;40,0;6784,625;0,9272421477741457;55,89088414897171;A;Demanda Erratica / Volatil;Población Distribuidores Mayores (Individual Wholesaler Agents)
EMILIANO MAREGA DISTRIBUCIONES;RED PROPIA;51543;49136;2407;0;18;127;12;2577,15;1844,7678294942273;0;6448;1918,0;0,7158170186035843;0,9533011272141707;0,04669887278582931;90,0;2863,5;0,8805358074824104;56,77141995645412;A;Demanda Moderada;Población Distribuidores Mayores (Individual Wholesaler Agents)
DISTRIBUIDORA ANDINA S.A.;RED PROPIA;50415;46604;3733;78;16;175;19;2520,75;1916,1810944798785;0;6201;2065,5;0,7601630841931483;0,9244074184270554;0,07404542298918973;80,0;3150,9375;0,8612655983203484;57,63268555477447;A;Demanda Moderada;Población Distribuidores Mayores (Individual Wholesaler Agents)
DORINKA SRL;GRANDES CLIENTES;44903;38419;6046;438;18;49;3;2245,15;1741,7942737606136;0;6301;1530,0;0,7758030749663112;0,8555998485624569;0,13464579204062088;90,0;2494,6111111111113;0,7671012429114075;58,39978679768588;A;Demanda Moderada;Población Distribuidores Mayores (Individual Wholesaler Agents)
EL ARCO SRL;RED PROPIA;40472;35918;4554;0;16;173;23;2023,6;1428,6318593233473;0;4431;1992,5;0,7059853030852675;0,8874777624036371;0,11252223759636291;80,0;2529,5;0,6914041712827758;59,091190968968654;A;Demanda Moderada;Población Distribuidores Mayores (Individual Wholesaler Agents)
CHEEK S.A.;RED PROPIA;39866;38461;1405;0;11;102;21;1993,3;2364,4248015331896;0;9070;2032,0;1,1861861242829426;0,9647569357347113;0,03524306426528872;55,00000000000001;3624,181818181818;0,6810515589137957;59,77224252788245;A;Demanda Erratica / Volatil;Población Distribuidores Mayores (Individual Wholesaler Agents)
BASSO REPRESENTACIONES SRL;RED PROPIA;35493;31014;3963;516;17;156;14;1774,65;1172,4062200179774;0;4528;1883,0;0,660640813691701;0,8738061026117826;0,1116558194573578;85,0;2087,823529411765;0,6063453313732843;60,37858785925573;A;Demanda Moderada;Población Distribuidores Mayores (Individual Wholesaler Agents)
FORTALEZA DEL NEA S.R.L.;RED PROPIA;34482;31104;3378;0;15;118;15;1724,1;1334,7155383905038;0;5848;1963,5;0,7741520436114516;0,9020358447885853;0,09796415521141465;75,0;2298,8;0,5890738939062234;60,967661753161956;A;Demanda Moderada;Población Distribuidores Mayores (Individual Wholesaler Agents)
LA NUEVA EXPRES S.R.L;RED PROPIA;34317;30246;4071;0;13;178;15;1715,85;1318,6938224502385;0;3204;2401,5;0,7685367732903451;0,8813707491913629;0,11862925080863712;65,0;2639,769230769231;0,5862551133107091;61,55391686647266;A;Demanda Moderada;Población Distribuidores Mayores (Individual Wholesaler Agents)
CENTER SRL;RED PROPIA;34258;30700;3558;0;12;166;19;1712,9;1739,5159005944877;0;5344;1616,5;1,0155385023028125;0,8961410473466052;0,10385895265339483;60,0;2854,8333333333335;0,5852471857038282;62,13916405217649;A;Demanda Erratica / Volatil;Población Distribuidores Mayores (Individual Wholesaler Agents)
MILLAN S A;RED PROPIA;33622;31191;2405;26;16;99;9;1681,1;1300,4469231767978;0;4783;1864,5;0,7735690459679959;0,9276961513294867;0,07153054547617631;80,0;2101,375;0,5743820677720273;62,71354611994852;A;Demanda Moderada;Población Distribuidores Mayores (Individual Wholesaler Agents)
CIA MYM SAS;RED PROPIA;33416;30703;2713;0;16;168;21;1670,8;1167,0620152195945;0;3586;1894,0;0,6985049169377511;0,9188113478573139;0,08118865214268614;80,0;2088,5;0,5708628629073245;63,284408982855844;A;Demanda Moderada;Población Distribuidores Mayores (Individual Wholesaler Agents)
DON HIGINIO S.R.L.;RED PROPIA;33249;26471;4590;2188;16;129;17;1662,45;974,5568750111914;0;3538;1956,0;0,5862172546610072;0,7961442449396975;0,13804926463953804;80,0;2078,0625;0,5680099152742887;63,85241889813013;A;Demanda Moderada;Población Distribuidores Mayores (Individual Wholesaler Agents)
CESAREO GARCIA SA;RED PROPIA;32736;32155;525;56;16;99;12;1636,8;1167,747160809628;0;4124;1510,0;0,7134330161349145;0,9822519550342131;0,016037390029325513;80,0;2046,0;0,5592460701500531;64,41166496828019;A;Demanda Moderada;Población Distribuidores Mayores (Individual Wholesaler Agents)
GRUPO NORDESTE SRL;RED PROPIA;30471;27372;3099;0;17;160;15;1523,55;1074,297002695251;0;3535;1497,0;0,70512750004611;0,8982967411637295;0,10170325883627056;85,0;1792,4117647058824;0,520551900157083;64,93221686843728;A;Demanda Moderada;Población Distribuidores Mayores (Individual Wholesaler Agents)
CENTRAL MAYORISTA S.R.L.;RED PROPIA;30097;26799;3298;0;16;151;20;1504,85;795,5578827067468;0;2211;1849,0;0,5286625794642302;0,8904209721899192;0,10957902781008073;80,0;1881,0625;0,5141626641405838;65,44637953257786;A;Demanda Moderada;Población Distribuidores Mayores (Individual Wholesaler Agents)
EL INDIO SA;RED PROPIA;29786;26385;3401;0;16;136;14;1489,3;997,442418863048;0;4051;1569,0;0,6697390847129847;0,8858188410662727;0,11418115893372725;80,0;1861,625;0,5088496898060081;65,95522922238388;A;Demanda Moderada;Población Distribuidores Mayores (Individual Wholesaler Agents)
UNION AGRICOLA DE AVELLANEDA C;RED PROPIA;29576;25762;3814;0;18;327;25;1478,8;674,8727443397248;0;2978;1395,5;0,4563651233024918;0,8710440898025426;0,1289559101974574;90,0;1643,111111111111;0,5052621508662625;66,46049137325014;A;Demanda Estable (Predictible);Población Distribuidores Mayores (Individual Wholesaler Agents)
PARODI SRL;RED PROPIA;28548;25431;1501;1616;12;45;4;1427,4;1532,814178321416;0;4120;1030,0;1,0738504822204118;0,8908154686843212;0,05257811405352389;60,0;2379,0;0,48770029358026995;66,94819166683041;A;Demanda Erratica / Volatil;Población Distribuidores Mayores (Individual Wholesaler Agents)
ARTICA JOAQUIN;RED PROPIA;27377;24622;2755;0;15;197;18;1368,85;984,8488142055639;0;3467;1521,5;0,7194716836801431;0,8993680826971545;0,10063191730284546;75,0;1825,1333333333334;0,46769549311149816;67,4158871599419;A;Demanda Moderada;Población Distribuidores Mayores (Individual Wholesaler Agents)
VENTURINI SEBASTIAN ANDRES;RED PROPIA;27051;25667;1008;376;19;196;12;1352,55;548,2026589347756;0;2727;1241,0;0,4053104572361655;0,9488373812428376;0,03726294776533215;95,0;1423,7368421052631;0,4621262659955122;67,87801342593741;A;Demanda Estable (Predictible);Población Distribuidores Mayores (Individual Wholesaler Agents)
REY DISTRIBUCION S.R.L.;RED PROPIA;26154;23247;1587;1320;14;129;15;1307,7;1146,788196844148;0;2916;1254,5;0,8769505214071637;0,8888506538196834;0,06067905482908924;70,0;1868,142857142857;0,44680234966717036;68,32481577560458;A;Demanda Moderada;Población Distribuidores Mayores (Individual Wholesaler Agents)
FUNCIONAL LEON SA;RED PROPIA;24358;22737;1621;0;13;135;12;1217,9;1011,6638665818645;0;3636;1703,0;0,8306625064306301;0,9334510222514164;0,06654897774858362;65,0;1873,6923076923076;0,4161203499729653;68,74093612557755;A;Demanda Moderada;Población Distribuidores Mayores (Individual Wholesaler Agents)
MACHAGAI DISTRIBUCION S.A.S.;RED PROPIA;24272;23284;988;0;13;134;22;1213,6;986,418262946142;0;2284;1869,5;0,812803446725562;0,9592946605141727;0,04070533948582729;65,0;1867,076923076923;0,41465116735954577;69,1555872929371;A;Demanda Moderada;Población Distribuidores Mayores (Individual Wholesaler Agents)
GRECOROMANA S. R. L.;RED PROPIA;24234;17704;4064;2466;5;45;11;1211,7;2318,597763622161;0;6782;0,0;1,9135080990527036;0,7305438639927375;0,16769827515061483;25,0;4846,8;0,4140019936466394;69,56958928658374;A;Demanda Erratica / Volatil;Población Distribuidores Mayores (Individual Wholesaler Agents)
AUTOSERVICIO SAN RAMON SRL;RED PROPIA;23616;22214;1402;0;7;25;4;1180,8;2367,2267051729987;0;10056;0,0;2,004765163595019;0,9406334688346883;0,05936653116531165;35,0;3373,714285714286;0,40344437905253094;69,97303366563627;A;Demanda Erratica / Volatil;Población Distribuidores Mayores (Individual Wholesaler Agents)
CYG DISTRIBUCIONES SRL;RED PROPIA;23170;20196;1909;1065;13;173;20;1158,5;882,8893654240873;0;2032;1730,5;0,7620969921658068;0,8716443677168753;0,08239102287440656;65,0;1782,3076923076924;0,39582512968526185;70,36885879532153;A;Demanda Moderada;Población Distribuidores Mayores (Individual Wholesaler Agents)
MI-AL-MA SRL;RED PROPIA;21996;19656;360;1980;11;29;4;1099,8;1021,164227216841;0;2088;1956,0;0,9284999338214595;0,8936170212765957;0,016366612111292964;55,00000000000001;1999,6363636363637;0,375769078660208;70,74462787398174;A;Demanda Moderada;Población Distribuidores Mayores (Individual Wholesaler Agents)
FOURCADE MARIA PATRICIA;RED PROPIA;21120;19153;451;1516;13;80;9;1056,0;924,6700122632654;0;2556;1103,0;0,8756344813099105;0,9068655303030303;0,021354166666666667;65,0;1624,6153846153845;0,36080391622584074;71,10543179020758;A;Demanda Moderada;Población Distribuidores Mayores (Individual Wholesaler Agents)
SUPERMERCADO REMO S.R.L.;RED PROPIA;20928;19360;1568;0;11;112;19;1046,4;1043,2982315713948;0;2986;1220,5;0,9970357717616539;0,9250764525993884;0,07492354740061162;55,00000000000001;1902,5454545454545;0,3575238806237876;71,46295567083136;A;Demanda Moderada;Población Distribuidores Mayores (Individual Wholesaler Agents)
ABRIL DISTRIBUCIONES SA;RED PROPIA;20868;18266;2150;452;11;148;22;1043,4;973,5249787296299;0;2065;1665,0;0,9330314153053765;0,8753114816944604;0,10302856047536899;55,00000000000001;1897,090909090909;0,356498869498146;71,8194545403295;A;Demanda Moderada;Población Distribuidores Mayores (Individual Wholesaler Agents)
DISTRIBUIDORA SAN ESTEBAN SRL;RED PROPIA;20742;19715;1027;0;10;39;5;1037,1;1065,0798783980576;0;2208;990,0;1,0269789590184724;0,9504869347218204;0,04951306527817954;50,0;2074,2;0,35434634613429866;72,1738008864638;A;Demanda Erratica / Volatil;Población Distribuidores Mayores (Individual Wholesaler Agents)
MULTIRUBROS SANTA ROSA SRL;RED PROPIA;20357;18724;1633;0;11;202;24;1017,85;997,8461686631811;0;2228;1007,0;0,980346975156635;0,9197818932062681;0,08021810679373188;55,00000000000001;1850,6363636363637;0,3477691914114318;72,52157007787523;A;Demanda Moderada;Población Distribuidores Mayores (Individual Wholesaler Agents)
KAUFMAN S. CAP I SECC IV;RED PROPIA;19936;18947;989;0;11;126;21;996,8;1126,0591552190458;0;3992;720,5;1,1296741123786576;0,9503912520064205;0,049608747993579456;55,00000000000001;1812,3636363636363;0,34057703001317996;72,8621471078884;A;Demanda Erratica / Volatil;Población Distribuidores Mayores (Individual Wholesaler Agents)
JODA SRL;RED PROPIA;19889;18770;1119;0;11;66;8;994,45;1003,0694195948332;0;2037;1041,0;1,0086675243550034;0,9437377444818744;0,056262255518125595;55,00000000000001;1808,090909090909;0,3397741046314274;73,20192121251984;A;Demanda Erratica / Volatil;Población Distribuidores Mayores (Individual Wholesaler Agents)
CEFERINO RODRIGUEZ SUPERMERCA;RED PROPIA;19744;16924;2820;0;9;34;5;987,2;1218,0430205867115;0;4124;0,0;1,2338361229606072;0,8571717990275527;0,14282820097244733;45,0;2193,777777777778;0,3372969944111268;73,53921820693097;A;Demanda Erratica / Volatil;Población Distribuidores Mayores (Individual Wholesaler Agents)
ALMUZARA DIEGO GERMAN;RED PROPIA;19572;17654;1755;163;15;137;16;978,6;679,7582697276716;0;2149;1027,0;0,6946232063434208;0,902002861230329;0,08966891477621092;75,0;1304,8;0,3343586291842876;73,87357683611526;A;Demanda Moderada;Población Distribuidores Mayores (Individual Wholesaler Agents)
DINI Y CIA S.R.L.;RED PROPIA;19031;18175;856;0;10;123;13;951,55;1001,6052103341021;0;2549;642,0;1,0526038677253977;0,9550207556092691;0,044979244390730914;50,0;1903,1;0,32511644553475255;74,19869328165001;A;Demanda Erratica / Volatil;Población Distribuidores Mayores (Individual Wholesaler Agents)
CASTETS Y TANINO S.R.L.;RED PROPIA;18857;15889;2968;0;19;342;21;942,85;453,0822250227645;0;1962;949,0;0,4805453943074343;0,8426048682186986;0,15739513178130138;95,0;992,4736842105264;0,32214391327039194;74,5208371949204;A;Demanda Estable (Predictible);Población Distribuidores Mayores (Individual Wholesaler Agents)
KOMATSU GUSTAVO SEBASTIAN;RED PROPIA;18354;15664;2690;0;17;169;19;917,7;642,8185550657682;0;2358;928,0;0,7004669881941464;0,8534379426827939;0,14656205731720606;85,0;1079,6470588235295;0,3135509033337633;74,83438809825417;A;Demanda Moderada;Población Distribuidores Mayores (Individual Wholesaler Agents)
AUTOSERVICIO CEFERINO RODRIGUE;RED PROPIA;18130;16648;1482;0;7;27;5;906,5;1508,7660869939905;0;5886;0,0;1,6643861963529956;0,9182570325427468;0,08174296745725317;35,0;2590,0;0,309724195131368;75,14411229338553;A;Demanda Erratica / Volatil;Población Distribuidores Mayores (Individual Wholesaler Agents)
**ESPINOSA HUGO ROBERTO;RED PROPIA;17614;17306;308;0;9;62;8;880,7;1000,5354934654794;0;2088;0,0;1,1360684608441913;0,9825139093902577;0,01748609060974225;45,0;1957,111111111111;0,30090909945085026;75,44502139283638;A;Demanda Erratica / Volatil;Población Distribuidores Mayores (Individual Wholesaler Agents)
SUMAQ S. R. L.;RED PROPIA;17426;16272;1154;0;13;72;8;871,3;764,5467938589501;0;2026;1007,0;0,8774782438413292;0,9337771146562608;0,06622288534373924;65,0;1340,4615384615386;0,29769739792384;75,74271879076022;A;Demanda Moderada;Población Distribuidores Mayores (Individual Wholesaler Agents)
DISTRIBUIDORA MILIY S.R.L.;RED PROPIA;17413;16543;870;0;9;44;7;870,65;990,0438201359946;0;2121;0,0;1,137131821209435;0,9500373284327801;0,049962671567219896;45,0;1934,7777777777778;0,29747531217995093;76,04019410294018;A;Demanda Erratica / Volatil;Población Distribuidores Mayores (Individual Wholesaler Agents)
REAL TEC S.R.L.;RED PROPIA;17387;14268;1347;1772;10;99;17;869,35;980,4794356253528;0;2304;71,5;1,127830489015187;0,8206131017426813;0,07747167423937425;50,0;1738,7;0,2970311406921729;76,33722524363235;A;Demanda Erratica / Volatil;Población Distribuidores Mayores (Individual Wholesaler Agents)
5 HERMANOS S.A.;RED PROPIA;16857;15029;1828;0;11;118;21;842,85;853,2486078758672;0;2264;789,0;1,0123374359326893;0,8915584030373139;0,10844159696268613;55,00000000000001;1532,4545454545455;0,2879768757490055;76,62520211938136;A;Demanda Erratica / Volatil;Población Distribuidores Mayores (Individual Wholesaler Agents)
CORONEL AIXA YANINA;RED PROPIA;16406;14396;2010;0;8;55;15;820,3;1146,6946135925227;0;3933;0,0;1,397896639756824;0,8774838473729123;0,12251615262708765;40,0;2050,75;0,2802722087879329;76,90547432816929;A;Demanda Erratica / Volatil;Población Distribuidores Mayores (Individual Wholesaler Agents)
MURADOR OMAR JESUS;RED PROPIA;16171;15521;650;0;13;65;12;808,55;826,3637197798685;0;2108;711,0;1,022031686079857;0,959804588460825;0,040195411539175066;65,0;1243,923076923077;0,27625758187917;77,18173191004846;A;Demanda Erratica / Volatil;Población Distribuidores Mayores (Individual Wholesaler Agents)
SUPERIMPERIO S A;RED PROPIA;15863;12809;390;2664;4;35;15;793,15;2033,834032327277;0;7635;0,0;2,5642489218020263;0,8074765176826577;0,024585513458992625;20,0;3965,75;0,27099585810087645;77,45272776814933;A;Demanda Erratica / Volatil;Población Distribuidores Mayores (Individual Wholesaler Agents)
MARIANO S A;RED PROPIA;15104;14224;880;0;8;53;9;755,2;1041,225876702932;0;3280;0,0;1,3787418918206198;0,9417372881355932;0,05826271186440678;40,0;1888,0;0,25802946736151033;77,71075723551084;A;Demanda Erratica / Volatil;Población Distribuidores Mayores (Individual Wholesaler Agents)
BARBADILLO LUIS OSCAR;RED PROPIA;14656;13737;919;0;13;111;13;732,8;631,9668212476781;0;1840;906,0;0,8624001381654997;0,9372953056768559;0,0627046943231441;65,0;1127,3846153846155;0,2503760509567198;77,96113328646756;A;Demanda Moderada;Población Distribuidores Mayores (Individual Wholesaler Agents)
ABBET SEBASTIAN ANDRES;RED PROPIA;14562;13913;649;0;12;157;20;728,1;712,5895622379873;0;1732;763,5;0,9786973798077012;0,9554319461612416;0,04456805383875841;60,0;1213,5;0,24877020019321458;78,20990348666078;A;Demanda Moderada;Población Distribuidores Mayores (Individual Wholesaler Agents)
RODRIGUEZ GERARDO DE JESUS;RED PROPIA;14526;13515;685;326;10;67;13;726,3;806,9866039454238;0;2053;452,0;1,1110926668668923;0,9304006608839323;0,047156822249759055;50,0;1452,6;0,24815519351782966;78,45805868017861;A;Demanda Erratica / Volatil;Población Distribuidores Mayores (Individual Wholesaler Agents)
DISTRIBUIDORA SAN VALENTIN SRL;RED PROPIA;13588;12541;962;85;9;130;21;679,4;796,4039176196962;0;2004;0,0;1,172216540505882;0,9229467176920813;0,0707977627318222;45,0;1509,7777777777778;0,23213085292029942;78,6901895330989;A;Demanda Erratica / Volatil;Población Distribuidores Mayores (Individual Wholesaler Agents)
MARA SRL;RED PROPIA;13455;12984;471;0;7;35;9;672,75;947,4094804698814;0;2343;0,0;1,4082638134074787;0,9649944258639911;0,03500557413600892;35,0;1922,142857142857;0,2298587449251272;78,92004827802403;A;Demanda Erratica / Volatil;Población Distribuidores Mayores (Individual Wholesaler Agents)
LISI CESAR AUGUSTO;RED PROPIA;13400;12100;1300;0;15;145;21;670,0;509,48818487411046;0;1658;634,0;0,7604301266777768;0,9029850746268657;0,09701492537313433;75,0;893,3333333333334;0,22891915139328908;79,14896742941731;A;Demanda Moderada;Población Distribuidores Mayores (Individual Wholesaler Agents)
CAFE AMERICA MAYORISTA S.A;RED PROPIA;13207;12379;828;0;10;80;12;660,35;765,6757094914683;0;2238;312,5;1,1594998250798338;0,9373059741046414;0,06269402589535852;50,0;1320,7;0,2256220322724753;79,37458946168978;A;Demanda Erratica / Volatil;Población Distribuidores Mayores (Individual Wholesaler Agents)
HYK MAYORISTA SRL;RED PROPIA;12783;11943;840;0;7;64;15;639,15;936,2901189493058;0;2340;0,0;1,4648988796828692;0,9342877258859422;0,06571227411405774;35,0;1826,142857142857;0,2183786203179414;79,59296808200772;A;Demanda Erratica / Volatil;Población Distribuidores Mayores (Individual Wholesaler Agents)
CABRAL RICARDO FRANCISCO;RED PROPIA;12681;9411;1204;2066;7;57;11;634,05;916,5993485648316;0;2066;0,0;1,445626289038454;0,7421339011118997;0,0949451935967195;35,0;1811,5714285714287;0,21663610140435066;79,80960418341206;A;Demanda Erratica / Volatil;Población Distribuidores Mayores (Individual Wholesaler Agents)
GONZALEZ GUILLERMO MIGUEL;RED PROPIA;12507;10273;1444;790;15;171;20;625,35;493,8061920056875;0;1756;706,0;0,789647704494583;0,8213800271847765;0,11545534500679619;75,0;833,8;0,21366356913999004;80,02326775255206;B;Demanda Moderada;Población Distribuidores Regionales (Regional Distributor Agents)
EXP. IMPORT. PAR-BRAS;RED PROPIA;12425;11376;877;172;14;119;20;621,25;473,3146138502492;0;1117;919,0;0,761874629940039;0,9155734406438631;0,07058350100603622;70,0;887,5;0,2122627206016132;80,23553047315367;B;Demanda Moderada;Población Distribuidores Regionales (Regional Distributor Agents)
MAGNO AR S. A.;RED PROPIA;12080;10380;760;940;10;100;14;604,0;737,109718320214;0;2020;150,0;1,2203803283447252;0,859271523178808;0,06291390728476821;50,0;1208,0;0,20636890662917404;80,44189937978285;B;Demanda Erratica / Volatil;Población Distribuidores Regionales (Regional Distributor Agents)
ROBERTO BASUALDO SA;RED PROPIA;12033;11111;922;0;4;23;6;601,65;1271,5740877063813;0;3882;0,0;2,1134780814533056;0,9233773788747611;0,07662262112523893;20,0;3008,25;0,20556598124742148;80,64746536103027;B;Demanda Erratica / Volatil;Población Distribuidores Regionales (Regional Distributor Agents)
DISTRIBUIDORA FLORENCIA S.A.;RED PROPIA;12019;11257;762;0;16;150;21;600,95;385,69233375294027;0;1223;743,5;0,6418043660087199;0,9366003827273484;0,06339961727265163;80,0;751,1875;0,20532681198477176;80,85279217301505;B;Demanda Moderada;Población Distribuidores Regionales (Regional Distributor Agents)
CYRE SA;RED PROPIA;11818;11096;722;0;12;66;7;590,9;566,5005133086354;0;1593;636,0;0,9587079257211634;0,9389067524115756;0,06109324758842444;60,0;984,8333333333334;0,20189302471387244;81,05468519772892;B;Demanda Moderada;Población Distribuidores Regionales (Regional Distributor Agents)
PAULY DISTRIBUCIONES S. R. L.;RED PROPIA;11747;10823;924;0;8;39;6;587,35;848,9094722673692;0;1980;0,0;1,445321311428227;0,9213416191368009;0,07865838086319911;40,0;1468,375;0,20068009488186322;81,25536529261078;B;Demanda Erratica / Volatil;Población Distribuidores Regionales (Regional Distributor Agents)
DISTRIBUIDORA LA SOLUCION;RED PROPIA;11583;10396;1187;0;11;113;18;579,15;560,998008721487;0;1473;748,5;0,968657530383298;0,8975222308555642;0,1024777691444358;55,00000000000001;1053,0;0,1978783978051095;81,45324369041589;B;Demanda Moderada;Población Distribuidores Regionales (Regional Distributor Agents)
AGROSUR SA;RED PROPIA;11580;10333;1247;0;11;66;11;579,0;597,5048116961068;0;1817;635,0;1,0319599511159012;0,8923143350604491;0,10768566493955095;55,00000000000001;1052,7272727272727;0,19782714724882744;81,65107083766472;B;Demanda Erratica / Volatil;Población Distribuidores Regionales (Regional Distributor Agents)
KERPS SRL;RED PROPIA;11410;10751;659;0;10;91;13;570,5;610,8678468505193;0;1826;466,0;1,0707587149001214;0,9422436459246275;0,05775635407537248;50,0;1141,0;0,19492294905950958;81,84599378672422;B;Demanda Erratica / Volatil;Población Distribuidores Regionales (Regional Distributor Agents)
MUSACCHIO CARLOS ANDRES;RED PROPIA;10745;10107;638;0;10;54;7;537,25;598,8939696157453;0;1967;367,0;1,114739822458344;0,9406235458352722;0,05937645416472778;50,0;1074,5;0,1835624090836486;82,02955619580787;B;Demanda Erratica / Volatil;Población Distribuidores Regionales (Regional Distributor Agents)
AGRUPACION LANCLEAN;RED PROPIA;10690;9566;1124;0;5;31;10;534,5;1107,2052298705203;0;3771;0,0;2,0714784469046217;0,8948550046772685;0,10514499532273153;25,0;2138,0;0,18262281555181048;82,21217901135968;B;Demanda Erratica / Volatil;Población Distribuidores Regionales (Regional Distributor Agents)
DISTRIBUIDORA FISSORE S. A;RED PROPIA;10654;9040;1614;0;11;107;15;532,7;497,6039536989654;0;1085;862,5;0,9341166767391879;0,8485076027782993;0,15149239722170077;55,00000000000001;968,5454545454545;0,1820078088764255;82,3941868202361;B;Demanda Moderada;Población Distribuidores Regionales (Regional Distributor Agents)
LA FUENTE MATIAS ERNESTO;RED PROPIA;10493;10281;212;0;11;57;9;524,65;537,3002958260277;0;1608;564,0;1,024111876157491;0,9797960545125322;0,020203945487467834;55,00000000000001;953,9090909090909;0,1792573623559539;82,57344418259206;B;Demanda Erratica / Volatil;Población Distribuidores Regionales (Regional Distributor Agents)
LA VILA SRL;RED PROPIA;10363;8706;1221;436;13;146;24;518,15;629,8553112881519;0;1907;324,0;1,2155848910318479;0,8401042169256007;0,11782302422078549;65,0;797,1538461538462;0,1770365049170638;82,75048068750912;B;Demanda Erratica / Volatil;Población Distribuidores Regionales (Regional Distributor Agents)
SUPERMERCADOS MAYORISTAS YAGUA;RED PROPIA;10315;9418;561;336;7;42;7;515,75;1080,3869616216707;0;4572;0,0;2,094788098151567;0,913039263208919;0,05438681531749879;35,0;1473,5714285714287;0,1762164960165505;82,92669718352568;B;Demanda Erratica / Volatil;Población Distribuidores Regionales (Regional Distributor Agents)
PILUNGO S R L de CARLOS BAEZ;RED PROPIA;10171;9068;1103;0;9;44;11;508,55;614,9515577840685;0;1865;0,0;1,2092253618799893;0,8915544194277849;0,10844558057221512;45,0;1130,111111111111;0,17375646931501068;83,10045365284068;B;Demanda Erratica / Volatil;Población Distribuidores Regionales (Regional Distributor Agents)
A.A.J. S.A.S.;RED PROPIA;10044;9900;144;0;5;22;10;502,2;894,0012716345601;0;2194;0,0;1,78016979616599;0,985663082437276;0,014336917562724014;25,0;2008,8;0,17158686243240265;83,27204051527309;B;Demanda Erratica / Volatil;Población Distribuidores Regionales (Regional Distributor Agents)
MARCELO FERRERO DISTRIBUCIONES;RED PROPIA;9440;8598;474;368;18;98;13;472,0;212,6363339749719;0;772;500,5;0,450500707574093;0,9108050847457627;0,05021186440677966;90,0;524,4444444444445;0,16126841710094394;83,43330893237403;B;Demanda Estable (Predictible);Población Distribuidores Regionales (Regional Distributor Agents)
RUNKE ERNESTO OSCAR;RED PROPIA;9378;8476;902;0;8;124;21;468,9;618,1313861359215;0;1857;0,0;1,3182584477200288;0,9038174450842397;0,09618255491576029;40,0;1172,25;0,16020923893778097;83,59351817131181;B;Demanda Erratica / Volatil;Población Distribuidores Regionales (Regional Distributor Agents)
RENIERO DORELIA MILENA;RED PROPIA;9090;7847;1204;39;17;180;23;454,5;295,06315113530314;0;818;524,0;0,6492038528829552;0,8632563256325633;0,13245324532453245;85,0;534,7058823529412;0,15528918553470134;83,74880735684651;B;Demanda Moderada;Población Distribuidores Regionales (Regional Distributor Agents)
AUTOSERVICIO LA FAMILIA S.R.L;RED PROPIA;9027;8134;893;0;8;64;16;451,35;644,7841152379282;0;2286;0,0;1,428567885760337;0,9010745541154315;0,09892544588456852;40,0;1128,375;0,15421292385277766;83,9030202806993;B;Demanda Erratica / Volatil;Población Distribuidores Regionales (Regional Distributor Agents)
AUTOSERV MAYORISTA LIDER SRL;RED PROPIA;8986;8332;654;0;8;44;7;449,3;629,9935755729243;0;1882;0,0;1,4021668719628853;0,9272201201869575;0,07277987981304251;40,0;1123,25;0,15351249958358923;84,05653278028288;B;Demanda Erratica / Volatil;Población Distribuidores Regionales (Regional Distributor Agents)
MIRANDA FERNANDO DARIO;RED PROPIA;8977;7477;1500;0;11;88;16;448,85;499,59881536667945;0;1477;283,5;1,11306408681448;0,8329063161412499;0,16709368385875015;55,00000000000001;816,0909090909091;0,153358747914743;84,20989152819762;B;Demanda Erratica / Volatil;Población Distribuidores Regionales (Regional Distributor Agents)
DISTRIBUIDORA CENTENARIO SRL;RED PROPIA;8956;7966;990;0;10;79;11;447,8;616,1121394852179;0;2067;109,5;1,375864536590482;0,8894595801697186;0,11054041983028137;50,0;895,6;0,15299999402076842;84,36289152221839;B;Demanda Erratica / Volatil;Población Distribuidores Regionales (Regional Distributor Agents)
SAJEL SA;RED PROPIA;8954;8308;646;0;13;174;21;447,7;413,1403610091089;0;1190;605,0;0,922806256442057;0,9278534733080188;0,07214652669198124;65,0;688,7692307692307;0,15296582698324707;84,51585734920164;B;Demanda Moderada;Población Distribuidores Regionales (Regional Distributor Agents)
DEPOT EXPRESS S.R.L;RED PROPIA;8949;8116;833;0;13;101;13;447,45;416,0160010839664;0;1416;445,0;0,9297485776823475;0,9069169739635713;0,09308302603642865;65,0;688,3846153846154;0,15288040938944358;84,66873775859108;B;Demanda Moderada;Población Distribuidores Regionales (Regional Distributor Agents)
BAGALCIAGA SERGIO EDUARDO;RED PROPIA;8889;8410;479;0;11;88;12;444,45;455,9202925489221;0;1200;411,5;1,0258078356371292;0,9461131735853302;0,05388682641466982;55,00000000000001;808,0909090909091;0,15185539826380198;84,82059315685488;B;Demanda Erratica / Volatil;Población Distribuidores Regionales (Regional Distributor Agents)
MARIA C. ZAMPEDRI E HILARIO O.;RED PROPIA;8500;7797;703;0;8;42;10;425,0;590,0735012200644;0;1952;0,0;1,3884082381648573;0,9172941176470588;0,08270588235294117;40,0;1062,5;0,14520990946589235;84,96580306632077;B;Demanda Erratica / Volatil;Población Distribuidores Regionales (Regional Distributor Agents)
SANTA FE MERCADO MAYORISTA SA;RED PROPIA;8480;8059;421;0;9;60;14;424,0;518,98838847167;0;1419;0,0;1,2240292180935612;0,9503537735849057;0,04964622641509434;45,0;942,2222222222222;0,14486823909067845;85,11067130541146;B;Demanda Erratica / Volatil;Población Distribuidores Regionales (Regional Distributor Agents)
GUEMBE BRUNO;RED PROPIA;8428;7707;409;312;11;57;10;421,4;489,42032306758466;0;1466;248,5;1,1614150998281554;0,9144518272425249;0,048528713811105836;55,00000000000001;766,1818181818181;0,1439798961151224;85,25465120152658;B;Demanda Erratica / Volatil;Población Distribuidores Regionales (Regional Distributor Agents)
CAMINO DEL INCA S. A;RED PROPIA;8425;7878;547;0;7;87;22;421,25;765,2696033356308;0;2542;0,0;1,8166637467908149;0,9350741839762611;0,06492581602373887;35,0;1203,5714285714287;0,14392864555884033;85,39857984708543;B;Demanda Erratica / Volatil;Población Distribuidores Regionales (Regional Distributor Agents)
MANANTIAL DISTRIBUCIONES SRL;RED PROPIA;8263;7374;889;0;13;35;5;413,15;369,2909671533446;0;954;438,0;0,8938423506071514;0,8924119569163742;0,1075880430836258;65,0;635,6153846153846;0,14116111551960803;85,53974096260504;B;Demanda Moderada;Población Distribuidores Regionales (Regional Distributor Agents)
CARLOS R DECHANZI SA;RED PROPIA;8214;7631;583;0;7;59;10;410,7;604,5240058791798;0;1758;0,0;1,4719357338183097;0,9290236182128074;0,0709763817871926;35,0;1173,4285714285713;0,14032402310033407;85,68006498570537;B;Demanda Erratica / Volatil;Población Distribuidores Regionales (Regional Distributor Agents)
SANCHEZ JOAQUIN EMANUEL;RED PROPIA;8131;7495;636;0;12;76;14;406,55;380,07969732121904;0;979;499,5;0,9348904127935531;0,9217808387652195;0,07821916123478047;60,0;677,5833333333334;0,13890609104319654;85,81897107674857;B;Demanda Moderada;Población Distribuidores Regionales (Regional Distributor Agents)
PROGRESAR SA.;RED PROPIA;8059;6832;706;521;16;194;22;402,95;324,349628609233;0;1179;473,5;0,8049376563078123;0,8477478595359226;0,0876039210820201;80,0;503,6875;0,13767607769242662;85,956647154441;B;Demanda Moderada;Población Distribuidores Regionales (Regional Distributor Agents)
W&P S.R.L.;RED PROPIA;8042;6961;1081;0;16;127;20;402,1;257,7707876144394;0;878;400,5;0,6410613967034057;0,8655807013180801;0,13441929868191993;80,0;502,625;0,13738565787349483;86,0940328123145;B;Demanda Moderada;Población Distribuidores Regionales (Regional Distributor Agents)
SUCESORES DE AMERICO PONTE S.R;RED PROPIA;7977;7091;886;0;9;102;16;398,85;467,0091033712072;0;1204;0,0;1,170889064488422;0,8889306756926163;0,11106932430738373;45,0;886,3333333333334;0,13627522915404977;86,23030804146855;B;Demanda Erratica / Volatil;Población Distribuidores Regionales (Regional Distributor Agents)
CEMBORAIN RODRIGO MANUEL(EL LA;RED PROPIA;7878;7274;604;0;11;134;17;393,9;410,62569714752965;0;1283;441,0;1,042461785091469;0,9233307946179233;0,07666920538207667;55,00000000000001;716,1818181818181;0,13458396079674115;86,3648920022653;B;Demanda Erratica / Volatil;Población Distribuidores Regionales (Regional Distributor Agents)
SOL DE MAYO S.R.L.;RED PROPIA;7816;7252;564;0;6;55;13;390,8;687,5939438207316;0;1928;0,0;1,7594522615678905;0,9278403275332651;0,07215967246673491;30,0;1302,6666666666667;0,13352478263357817;86,49841678489886;B;Demanda Erratica / Volatil;Población Distribuidores Regionales (Regional Distributor Agents)
EL NOCHERITO SRL;RED PROPIA;7756;7191;359;206;8;87;15;387,8;490,08566383310665;0;1106;0,0;1,263758803076603;0,9271531717380093;0,0462867457452295;40,0;969,5;0,13249977150793657;86,6309165564068;B;Demanda Erratica / Volatil;Población Distribuidores Regionales (Regional Distributor Agents)
PINATTI PABLO GABRIEL;RED PROPIA;7642;7213;245;184;15;102;15;382,1;303,98647823113515;0;789;487,5;0,795567857186954;0,9438628631248365;0,032059670243391784;75,0;509,46666666666664;0,13055225036921755;86,76146880677602;B;Demanda Moderada;Población Distribuidores Regionales (Regional Distributor Agents)
MALUDI S.R.L.;RED PROPIA;7539;7101;438;0;14;89;11;376,95;289,59508483034506;0;856;486,0;0,7682586147508823;0,9419021090330283;0,058097890966971745;70,0;538,5;0,12879264793686615;86,89026145471288;B;Demanda Moderada;Población Distribuidores Regionales (Regional Distributor Agents)
PIU ALTO SRL;RED PROPIA;7519;6025;1494;0;8;69;11;375,95;472,8734642141539;0;974;0,0;1,2578094539543927;0,8013033648091501;0,19869663519084985;40,0;939,875;0,1284509775616523;87,01871243227454;B;Demanda Erratica / Volatil;Población Distribuidores Regionales (Regional Distributor Agents)
SORIA FELIPE ALEXANDRO;RED PROPIA;7515;4883;588;2044;4;31;11;375,75;774,6693607088463;0;2044;0,0;2,061661638613031;0,6497671324018629;0,0782435129740519;20,0;1878,75;0,1283826434866095;87,14709507576114;B;Demanda Erratica / Volatil;Población Distribuidores Regionales (Regional Distributor Agents)
EL SUPER SRL;RED PROPIA;7431;6597;834;0;7;110;20;371,55;584,4046430702833;0;1428;0,0;1,5728829042397614;0,8877674606378684;0,11223253936213161;35,0;1061,5714285714287;0,12694762791071126;87,27404270367185;B;Demanda Erratica / Volatil;Población Distribuidores Regionales (Regional Distributor Agents)
PAJARO AZUL S.A.;RED PROPIA;7372;5967;1405;0;7;69;18;368,6;579,4905566643497;0;1923;0,0;1,5721393289862986;0,8094139989148128;0,1905860010851872;35,0;1053,142857142857;0,12593970030383037;87,39998240397568;B;Demanda Erratica / Volatil;Población Distribuidores Regionales (Regional Distributor Agents)
LOS HERMANOS S.R.L.;RED PROPIA;7261;6793;468;0;5;47;19;363,05;675,544807427387;0;1766;0,0;1,860748677668054;0,935546068034706;0,06445393196529403;25,0;1452,2;0,12404342972139343;87,52402583369708;B;Demanda Erratica / Volatil;Población Distribuidores Regionales (Regional Distributor Agents)
DANIEL BENVENUTTI S.R.L.;RED PROPIA;6961;6027;934;0;16;223;19;348,05;268,68930893662684;0;975;384,0;0,7719847979791031;0,8658238758799023;0,1341761241200977;80,0;435,0625;0,11891837409318547;87,64294420779026;B;Demanda Moderada;Población Distribuidores Regionales (Regional Distributor Agents)
SUPERMERCADO EL TUNEL SA;RED PROPIA;6956;6303;653;0;5;38;10;347,8;673,0355116931053;0;1878;0,0;1,935122230284949;0,9061242093156987;0,09387579068430132;25,0;1391,2;0,11883295649938201;87,76177716428964;B;Demanda Erratica / Volatil;Población Distribuidores Regionales (Regional Distributor Agents)
FABIO, MIGUEL Y DANIEL PEREZ;RED PROPIA;6880;6047;833;0;10;65;13;344,0;384,1512859881062;0;928;220,0;1,1167188546165878;0,8789244186046512;0,12107558139534884;50,0;688,0;0,11753460907356932;87,87931177336321;B;Demanda Erratica / Volatil;Población Distribuidores Regionales (Regional Distributor Agents)
RED DISTRIBUIDORA;RED PROPIA;6809;6469;340;0;4;52;17;340,45;852,3094616517246;0;3532;0,0;2,5034791060411945;0,9500660889998531;0,049933911000146866;20,0;1702,25;0,11632167924156009;87,99563345260478;B;Demanda Erratica / Volatil;Población Distribuidores Regionales (Regional Distributor Agents)
DISTRIBUIDORA DEL CENTRO SRL;RED PROPIA;6474;6199;275;0;8;71;16;323,7;440,4275554264825;0;1137;0,0;1,360604125506588;0,9575223972814334;0,04247760271856657;40,0;809,25;0,11059870045672787;88,10623215306151;B;Demanda Erratica / Volatil;Población Distribuidores Regionales (Regional Distributor Agents)
RUATTA MATIAS ARIEL;RED PROPIA;6416;5955;409;52;13;74;10;320,8;245,17117543291644;0;575;452,5;0,764249299977919;0,9281483790523691;0,06374688279301746;65,0;493,53846153846155;0,10960785636860766;88,21584000943012;B;Demanda Moderada;Población Distribuidores Regionales (Regional Distributor Agents)
SERVICIOS PARA LA HIGIENE S.A.;RED PROPIA;6368;6188;180;0;15;46;9;318,4;385,1209516092588;0;1758;270,0;1,2095507274160138;0,9717336683417085;0,028266331658291458;75,0;424,53333333333336;0,10878784746809439;88,32462785689822;B;Demanda Erratica / Volatil;Población Distribuidores Regionales (Regional Distributor Agents)
DANGUISE DISTRIBUCIONES SRL;RED PROPIA;6350;5524;280;546;7;55;13;317,5;473,5760373560879;0;1371;0,0;1,4915780704128754;0,8699212598425197;0,04409448818897638;35,0;907,1428571428571;0,10848034413040192;88,43310820102862;B;Demanda Erratica / Volatil;Población Distribuidores Regionales (Regional Distributor Agents)
SUPER MARIO S.R.L.;RED PROPIA;6327;5480;847;0;7;71;14;316,35;451,88893314036454;0;1070;0,0;1,428446129730882;0,8661292871819187;0,13387071281808124;35,0;903,8571428571429;0,10808742319890598;88,54119562422753;B;Demanda Erratica / Volatil;Población Distribuidores Regionales (Regional Distributor Agents)
MOLINAS MARTIN HERNAN;RED PROPIA;6282;5883;399;0;8;42;11;314,1;438,0888998942182;0;970;0,0;1,3947433934868454;0,9364851957975168;0,06351480420248329;40,0;785,25;0,10731866485467478;88,6485142890822;B;Demanda Erratica / Volatil;Población Distribuidores Regionales (Regional Distributor Agents)
DOBLER MARCELO GUILLERMO;RED PROPIA;6199;5504;695;0;9;67;11;309,95;366,7677416510201;0;862;0,0;1,1833126041329896;0,8878851427649621;0,1121148572350379;45,0;688,7777777777778;0,10590073279753724;88,75441502187974;B;Demanda Erratica / Volatil;Población Distribuidores Regionales (Regional Distributor Agents)
TRES HERMANOS DISTRIBUCIONES;RED PROPIA;6083;5279;804;0;3;22;8;304,15;742,897334764367;0;2060;0,0;2,4425360340764986;0,867828374157488;0,1321716258425119;15,0;2027,6666666666667;0,10391904462129682;88,85833406650103;B;Demanda Erratica / Volatil;Población Distribuidores Regionales (Regional Distributor Agents)
BADARACCO HERMANOS SA;RED PROPIA;6058;5345;570;143;9;179;25;302,9;357,2028614254459;0;875;0,0;1,179276531612565;0,8823043908880819;0,09409045889732585;45,0;673,1111111111111;0,1034919566522795;88,96182602315331;B;Demanda Erratica / Volatil;Población Distribuidores Regionales (Regional Distributor Agents)
GIMENEZ CESAR IVAN;RED PROPIA;5894;5226;668;0;9;59;11;294,7;387,7580770477766;0;1003;0,0;1,315772232941217;0,8866644044791313;0,11333559552086868;45,0;654,8888888888889;0,10069025957552581;89,06251628272884;B;Demanda Erratica / Volatil;Población Distribuidores Regionales (Regional Distributor Agents)
LASCA CRISTIAN LEY 19550 SECIV;RED PROPIA;5814;5522;292;0;10;43;7;290,7;315,7044087183619;0;935;183,0;1,086014477875342;0,9497764017887856;0,05022359821121431;50,0;581,4;0,09932357807467035;89,16183986080351;B;Demanda Erratica / Volatil;Población Distribuidores Regionales (Regional Distributor Agents)
SUPERMERCADO DON GUSTAVO SRL;RED PROPIA;5746;5222;524;0;7;71;17;287,3;407,08334850688624;0;941;0,0;1,416927770647011;0,9088061260006961;0,09119387399930386;35,0;820,8571428571429;0,09816189879894321;89,26000175960246;B;Demanda Erratica / Volatil;Población Distribuidores Regionales (Regional Distributor Agents)
TOLOZA WALTER EDGARDO;RED PROPIA;5680;5014;222;444;9;31;5;284,0;335,0971579455097;0;822;0,0;1,179919570230668;0,8827464788732394;0,039084507042253525;45,0;631,1111111111111;0,09703438656073747;89,3570361461632;B;Demanda Erratica / Volatil;Población Distribuidores Regionales (Regional Distributor Agents)
DISTRIBUIDORA FENIX SRL;RED PROPIA;5602;4905;697;0;14;168;18;280,1;241,8498664352264;0;749;366,0;0,8634411511432574;0,8755801499464477;0,1244198500535523;70,0;400,14285714285717;0,09570187209740338;89,4527380182606;B;Demanda Moderada;Población Distribuidores Regionales (Regional Distributor Agents)
VERGARA JULIAN DARIO Y VERGARA;RED PROPIA;5509;4931;578;0;9;65;14;275,45;359,42402388734183;0;937;0,0;1,3048612230435355;0,89508077691051;0,10491922308948992;45,0;612,1111111111111;0,09411310485265892;89,54685112311326;B;Demanda Erratica / Volatil;Población Distribuidores Regionales (Regional Distributor Agents)
RUNKE NESTOR OSCAR;RED PROPIA;5292;4938;354;0;4;68;23;264,6;579,5479545119174;0;2056;0,0;2,1902794955098916;0,9331065759637188;0,06689342403628118;20,0;1323,0;0,0904059812815885;89,63725710439485;B;Demanda Erratica / Volatil;Población Distribuidores Regionales (Regional Distributor Agents)
ROLON RODOLFO RODRIGO;RED PROPIA;5279;4177;409;693;9;118;19;263,95;340,4270499178781;0;859;0,0;1,2897406702704228;0,7912483424891078;0,077476794847509;45,0;586,5555555555555;0,09018389553769948;89,72744099993255;B;Demanda Erratica / Volatil;Población Distribuidores Regionales (Regional Distributor Agents)
SAUDA S R L;RED PROPIA;5272;4796;476;0;11;44;5;263,6;289,8728214779353;0;798;163,5;1,099669277230407;0,909711684370258;0,09028831562974203;55,00000000000001;479,27272727272725;0,09006431090637464;89,81750531083892;B;Demanda Erratica / Volatil;Población Distribuidores Regionales (Regional Distributor Agents)
AM BRUNO S. A. S.;RED PROPIA;5246;4788;406;52;11;97;17;262,3;286,3830890332223;0;861;277,0;1,091815055406871;0,9126953869614944;0,07739229889439574;55,00000000000001;476,90909090909093;0,08962013941859662;89,90712545025752;B;Demanda Erratica / Volatil;Población Distribuidores Regionales (Regional Distributor Agents)
DISTRIBUIDORA EL TOTO SRL.;RED PROPIA;5190;4828;362;0;9;66;16;259,5;303,8495992219974;0;731;0,0;1,1709040432446913;0,9302504816955685;0,0697495183044316;45,0;576,6666666666666;0,08866346236799778;89,99578891262553;B;Demanda Erratica / Volatil;Población Distribuidores Regionales (Regional Distributor Agents)
MANILA SRL;RED PROPIA;5170;4503;605;62;9;73;22;258,5;346,491208971796;0;1061;0,0;1,3403915240688433;0,8709864603481625;0,11702127659574468;45,0;574,4444444444445;0,08832179199278392;90,08411070461831;B;Demanda Erratica / Volatil;Población Distribuidores Regionales (Regional Distributor Agents)
BARRIONUEVO DIEGO JAVIER;RED PROPIA;5136;5136;0;0;5;22;5;256,8;462,0031442134977;0;1296;0,0;1,799077664382779;1,0;0,0;25,0;1027,2;0,08774095235492035;90,17185165697323;B;Demanda Erratica / Volatil;Población Distribuidores Regionales (Regional Distributor Agents)
TESIO FEDERICO L Y CAMPRA DAMI;RED PROPIA;5119;4773;346;0;7;67;15;255,95;381,30792571165665;0;980;0,0;1,489775056501882;0,9324086735690564;0,06759132643094354;35,0;731,2857142857143;0,08745053253598857;90,25930218950921;B;Demanda Erratica / Volatil;Población Distribuidores Regionales (Regional Distributor Agents)
COMERCIAL JAT SRL;RED PROPIA;5111;4319;54;738;11;41;6;255,55;282,9056891392756;0;822;194,5;1,1070463280738625;0,8450401095675993;0,010565447074936412;55,00000000000001;464,6363636363636;0,08731386438590302;90,34661605389512;B;Demanda Erratica / Volatil;Población Distribuidores Regionales (Regional Distributor Agents)
PEDROZO ALEJANDRO JAVIER;RED PROPIA;5065;4073;992;0;6;32;9;253,25;451,2543774390391;0;1345;0,0;1,7818534153565215;0,8041461006910168;0,19585389930898323;30,0;844,1666666666666;0,08652802252291114;90,43314407641803;B;Demanda Erratica / Volatil;Población Distribuidores Regionales (Regional Distributor Agents)
GARCIA VICTOR ARIEL;RED PROPIA;4913;4195;718;0;9;97;18;245,65;287,79785943390345;0;695;0,0;1,1715768753669995;0,8538571137797679;0,14614288622023203;45,0;545,8888888888889;0,08393132767128576;90,51707540408931;B;Demanda Erratica / Volatil;Población Distribuidores Regionales (Regional Distributor Agents)
VISINTINI ALFREDO Y ROLANDO;RED PROPIA;4862;3995;867;0;8;86;20;243,1;305,65682511084566;0;642;0,0;1,2573295973296819;0,8216783216783217;0,17832167832167833;40,0;607,75;0,08306006821449041;90,6001354723038;B;Demanda Erratica / Volatil;Población Distribuidores Regionales (Regional Distributor Agents)
BENITEZ EDGAR VICTORIANO;RED PROPIA;4839;4329;510;0;8;107;18;241,95;310,1501291819478;0;764;0,0;1,2818769546681044;0,8946063236205828;0,10539367637941724;40,0;604,875;0,08266714728299446;90,6828026195868;B;Demanda Erratica / Volatil;Población Distribuidores Regionales (Regional Distributor Agents)
OLIVERA JUAN CARLOS;RED PROPIA;4809;4552;257;0;14;40;7;240,45;185,9939090683518;0;549;330,0;0,7735242631247736;0,9465585360781867;0,053441463921813266;70,0;343,5;0,08215464172017367;90,76495726130698;B;Demanda Moderada;Población Distribuidores Regionales (Regional Distributor Agents)
URBANI FABIO;RED PROPIA;4804;4294;510;0;18;148;17;240,2;132,55648249946728;0;507;222,0;0,5518587947521536;0,8938384679433805;0,10616153205661949;90,0;266,8888888888889;0,0820692241263702;90,84702648543335;B;Demanda Moderada;Población Distribuidores Regionales (Regional Distributor Agents)
RUIZ DIAZ MARIA AGUSTINA;RED PROPIA;4714;4596;118;0;10;53;12;235,7;278,7406075830887;0;818;14,0;1,1826075841454762;0,9749681798896903;0,025031820110309716;50,0;471,4;0,08053170743790782;90,92755819287126;B;Demanda Erratica / Volatil;Población Distribuidores Regionales (Regional Distributor Agents)
GRAN AHORRO SOCIEDAD EN FORMA;RED PROPIA;4713;4000;713;0;7;64;14;235,65;357,4203297313447;0;947;0,0;1,5167423285862283;0,8487163165711861;0,15128368342881393;35,0;673,2857142857143;0,08051462391914711;91,0080728167904;B;Demanda Erratica / Volatil;Población Distribuidores Regionales (Regional Distributor Agents)
DELLAMEA CARLOS DANIEL;RED PROPIA;4710;3464;680;566;12;93;13;235,5;207,69169965423066;0;566;330,0;0,8819180452408946;0,7354564755838641;0,14437367303609341;60,0;392,5;0,08046337336286505;91,08853619015326;B;Demanda Moderada;Población Distribuidores Regionales (Regional Distributor Agents)
DISTRIBUIDORA LOS AMIGOS S.A.;RED PROPIA;4692;4178;514;0;11;86;15;234,6;262,94013727362676;0;628;45,5;1,1208019491629444;0,8904518329070759;0,10954816709292413;55,00000000000001;426,54545454545456;0,08015587002517256;91,16869206017843;B;Demanda Erratica / Volatil;Población Distribuidores Regionales (Regional Distributor Agents)
LA AGUSTINA SRL;RED PROPIA;4654;3798;492;364;13;69;9;232,7;189,96844613334022;0;567;315,5;0,8163663349090685;0,8160721959604641;0,10571551353674259;65,0;358,0;0,07950669631226623;91,2481987564907;B;Demanda Moderada;Población Distribuidores Regionales (Regional Distributor Agents)
ESCOBAR VALVERDE MARCOS MANUEL;RED PROPIA;4588;3430;447;711;4;38;12;229,4;529,4222670440914;0;2048;0,0;2,3078564387275127;0,7476024411508283;0,09742807323452485;20,0;1147,0;0,07837918407406047;91,32657794056476;B;Demanda Erratica / Volatil;Población Distribuidores Regionales (Regional Distributor Agents)
TULIO OSCAR RIERA E HIJOS S.A.;RED PROPIA;4563;4348;215;0;5;37;18;228,15;464,4678080737589;0;1550;0,0;2,0358001668803807;0,952881875958799;0,047118124041200964;25,0;912,6;0,07795209610504314;91,4045300366698;B;Demanda Erratica / Volatil;Población Distribuidores Regionales (Regional Distributor Agents)
PUCHETA MARCIO LEONEL;RED PROPIA;4537;4329;208;0;7;39;8;226,85;347,3081863644873;0;1062;0,0;1,5310036868613062;0,9541547277936963;0,045845272206303724;35,0;648,1428571428571;0,07750792461726512;91,48203796128706;B;Demanda Erratica / Volatil;Población Distribuidores Regionales (Regional Distributor Agents)
BM DISTRIBUCIONES S.A.S.;RED PROPIA;4497;3934;563;0;10;65;14;224,85;313,41720555330414;0;1022;38,5;1,3938946210954153;0,8748054258394485;0,1251945741605515;50,0;449,7;0,07682458386683738;91,5588625451539;B;Demanda Erratica / Volatil;Población Distribuidores Regionales (Regional Distributor Agents)
VANNI HERMANOS S. R. L.;RED PROPIA;4410;4029;381;0;6;26;5;220,5;378,77301910246985;0;966;0,0;1,717791469852471;0,9136054421768708;0,08639455782312926;30,0;735,0;0,07533831773465707;91,63420086288856;B;Demanda Erratica / Volatil;Población Distribuidores Regionales (Regional Distributor Agents)
BRAVO LAGGIARD RAMIRO;RED PROPIA;4378;4264;114;0;8;29;6;218,9;298,7471911341198;0;684;0,0;1,3647656059119224;0,9739607126541799;0,02603928734582001;40,0;547,25;0,0747916451343149;91,70899250802287;B;Demanda Erratica / Volatil;Población Distribuidores Regionales (Regional Distributor Agents)
KILBEL S.A.;RED PROPIA;4368;3500;868;0;11;11;1;218,4;228,6008702842945;0;780;234,0;1,0467072815214948;0,8012820512820513;0,1987179487179487;55,00000000000001;397,09090909090907;0,07462080994670796;91,78361331796958;B;Demanda Erratica / Volatil;Población Distribuidores Regionales (Regional Distributor Agents)
SUPERMERCADOS NELSON SRL;RED PROPIA;4367;3528;425;414;10;73;19;218,35;240,7843050926438;0;699;148,0;1,1027446993022385;0,807877261277765;0,09732081520494619;50,0;436,7;0,07460372642794727;91,85821704439753;B;Demanda Erratica / Volatil;Población Distribuidores Regionales (Regional Distributor Agents)
NATIVIDADE JORGE;RED PROPIA;4322;3942;380;0;8;43;11;216,1;291,7031475932158;0;928;0,0;1,349852603392947;0,91207774178621;0,0879222582137899;40,0;540,25;0,07383496808371608;91,93205201248125;B;Demanda Erratica / Volatil;Población Distribuidores Regionales (Regional Distributor Agents)
QUARIN DANILO ANDRES;RED PROPIA;4280;3775;505;0;18;167;16;214,0;115,67467993881534;0;432;201,0;0,5405358875645577;0,8820093457943925;0,11799065420560748;90,0;237,77777777777777;0,07311746029576696;92,00516947277701;B;Demanda Moderada;Población Distribuidores Regionales (Regional Distributor Agents)
DEL LITORAL DISTRIBUCIONES SA.;RED PROPIA;4266;4194;72;0;2;7;6;213,3;656,5300410010512;0;2142;0,0;3,0779654993016936;0,9831223628691983;0,016877637130801686;10,0;2133,0;0,07287829103311726;92,07804776381013;B;Demanda Erratica / Volatil;Población Distribuidores Regionales (Regional Distributor Agents)
OESTE PROVEEDURIA SA;RED PROPIA;4256;4112;144;0;5;24;10;212,8;475,70065775598175;0;1852;0,0;2,2354354217856285;0,9661654135338346;0,03383458646616541;25,0;851,2;0,07270745584551032;92,15075521965565;B;Demanda Erratica / Volatil;Población Distribuidores Regionales (Regional Distributor Agents)
CARAM CARLOS Y OTROS SH;RED PROPIA;4157;3873;284;0;9;61;9;207,85;248,17465730069173;0;612;0,0;1,194008454658127;0,9316815010825115;0,06831849891748858;45,0;461,8888888888889;0,0710161874882017;92,22177140714385;B;Demanda Erratica / Volatil;Población Distribuidores Regionales (Regional Distributor Agents)
PROVEEDURIA LA RURAL S.A.;RED PROPIA;4030;3637;393;0;3;36;17;201,5;533,5138236259676;0;2072;0,0;2,647711283503561;0,9024813895781638;0,09751861042183622;15,0;1343,3333333333333;0,06884658060559366;92,29061798774944;B;Demanda Erratica / Volatil;Población Distribuidores Regionales (Regional Distributor Agents)
KRUSE RICARDO;RED PROPIA;3991;3710;281;0;9;89;19;199,55;256,18917249810374;0;698;0,0;1,2838344900932284;0,9295915810573792;0,0704084189426209;45,0;443,44444444444446;0,06818032337392663;92,35879831112337;B;Demanda Erratica / Volatil;Población Distribuidores Regionales (Regional Distributor Agents)
BARBAGLIA VICTOR HUGO;RED PROPIA;3969;3702;267;0;5;51;14;198,45;365,2575839480666;0;972;0,0;1,8405521992847902;0,9327286470143613;0,0672713529856387;25,0;793,8;0,06780448596119137;92,42660279708456;B;Demanda Erratica / Volatil;Población Distribuidores Regionales (Regional Distributor Agents)
WEBER DELIA INES;RED PROPIA;3968;3626;342;0;9;51;8;198,4;228,39195303365295;0;533;0,0;1,15116911811317;0,9138104838709677;0,08618951612903226;45,0;440,8888888888889;0,06778740244243067;92,49439019952699;B;Demanda Erratica / Volatil;Población Distribuidores Regionales (Regional Distributor Agents)
SOL NACIENTE SRL;RED PROPIA;3929;3460;469;0;8;61;16;196,45;258,50734999221976;0;687;0,0;1,3158938660840915;0,8806312038686689;0,11936879613133113;40,0;491,125;0,06712114521076364;92,56151134473775;B;Demanda Erratica / Volatil;Población Distribuidores Regionales (Regional Distributor Agents)
YACCUZZI DISTRIBUCIONES S.R.L.;RED PROPIA;3927;3410;517;0;5;39;14;196,35;358,1825872225975;0;1023;0,0;1,824204671365406;0,8683473389355743;0,13165266106442577;25,0;785,4;0,06708697817324226;92,62859832291099;B;Demanda Erratica / Volatil;Población Distribuidores Regionales (Regional Distributor Agents)
EMILIO MEDINA E HIJOS SRL.;RED PROPIA;3898;3387;511;0;10;136;18;194,9;207,00010170350922;0;522;131,5;1,062083641372546;0,8689071318624936;0,13109286813750642;50,0;389,8;0,06659155612918215;92,69518987904017;B;Demanda Erratica / Volatil;Población Distribuidores Regionales (Regional Distributor Agents)
LOPEZ SELLIEZ ALEJANDRO HUGO;RED PROPIA;3833;3282;551;0;8;49;13;191,65;262,02878005850306;0;826;0,0;1,3672255677459069;0,8562483694234281;0,14375163057657186;40,0;479,125;0,06548112740973709;92,76067100644991;B;Demanda Erratica / Volatil;Población Distribuidores Regionales (Regional Distributor Agents)
AUTOSERVICIO CONDORI SIMPLE AS;RED PROPIA;3820;3490;330;0;2;12;6;191,0;587,9031427566601;0;1924;0,0;3,07802692542754;0,9136125654450262;0,08638743455497382;10,0;1910,0;0,06525904166584807;92,82593004811577;B;Demanda Erratica / Volatil;Población Distribuidores Regionales (Regional Distributor Agents)
BREITENBERGER OTTO JOAQUIN;RED PROPIA;3812;3632;180;0;4;16;4;190,6;391,2313086169168;0;986;0,0;2,052630160634401;0,9527806925498427;0,0472193074501574;20,0;953,0;0,06512237351576254;92,89105242163153;B;Demanda Erratica / Volatil;Población Distribuidores Regionales (Regional Distributor Agents)
OITANA HNOS. S.R.L.;RED PROPIA;3801;3542;259;0;2;17;12;190,05;586,4453557350062;0;2029;0,0;3,0857424663773014;0,9318600368324125;0,06813996316758748;10,0;1900,5;0,0649344548093949;92,95598687644092;B;Demanda Erratica / Volatil;Población Distribuidores Regionales (Regional Distributor Agents)
LAZO CARLOS, LAZO ESTEBAN  Y V;RED PROPIA;3798;3041;199;558;9;53;13;189,9;227,1333714385727;0;558;0,0;1,1960683066802142;0,8006845708267509;0,05239599789362823;45,0;422,0;0,06488320425311282;93,02087008069402;B;Demanda Erratica / Volatil;Población Distribuidores Regionales (Regional Distributor Agents)
AGRO M.G. SRL;RED PROPIA;3786;3596;190;0;8;71;13;189,3;240,84786637386287;0;558;0,0;1,2723077991223606;0,9498151082937136;0,050184891706286316;40,0;473,25;0,06467820202798451;93,08554828272202;B;Demanda Erratica / Volatil;Población Distribuidores Regionales (Regional Distributor Agents)
MARE MACHAGAI S. A. S.;RED PROPIA;3771;3404;367;0;8;56;12;188,55;284,12885790559335;0;1086;0,0;1,5069151838005481;0,9026783346592416;0,09732166534075842;40,0;471,375;0,06442194924657411;93,1499702319686;B;Demanda Erratica / Volatil;Población Distribuidores Regionales (Regional Distributor Agents)
LA FAMILIA S.R.L.;RED PROPIA;3764;3155;591;18;9;73;16;188,2;219,586597232642;0;542;0,0;1,166772567654846;0,8382040382571733;0,15701381509032944;45,0;418,22222222222223;0,06430236461524926;93,21427259658384;B;Demanda Erratica / Volatil;Población Distribuidores Regionales (Regional Distributor Agents)
KLEÑUP DIEGO ANIBAL;RED PROPIA;3750;3693;57;0;4;13;7;187,5;437,75497832992323;0;1656;0,0;2,3346932177595905;0,9848;0,0152;20,0;937,5;0,06406319535259956;93,27833579193644;B;Demanda Erratica / Volatil;Población Distribuidores Regionales (Regional Distributor Agents)
OCAMPO MARIO FACUNDO FELIX;RED PROPIA;3715;3456;259;0;8;53;14;185,75;244,24187213756605;0;638;0,0;1,314895677725793;0,9302826379542396;0,06971736204576043;40,0;464,375;0,0634652721959753;93,34180106413241;B;Demanda Erratica / Volatil;Población Distribuidores Regionales (Regional Distributor Agents)
BENITEZ WILFRIDO OMAR;RED PROPIA;3701;3451;0;250;3;15;11;185,05;508,5723542168648;0;1980;0,0;2,7482969695588477;0,9324506890029721;0,0;15,0;1233,6666666666667;0,06322610293332559;93,40502716706574;B;Demanda Erratica / Volatil;Población Distribuidores Regionales (Regional Distributor Agents)
AIELLO SUPERMERCADOS S.A.;RED PROPIA;3666;3666;0;0;7;13;3;183,3;256,93519559772676;0;536;0,0;1,4017195613623936;1,0;0,0;35,0;523,7142857142857;0,06262817977670132;93,46765534684243;B;Demanda Erratica / Volatil;Población Distribuidores Regionales (Regional Distributor Agents)
AIRBOX S. A. EN FORMACION;RED PROPIA;3655;2863;406;386;10;73;14;182,75;193,05627077153056;0;447;125,5;1,0563954624981153;0,7833105335157319;0,11108071135430916;50,0;365,5;0,0624402610703337;93,53009560791277;B;Demanda Erratica / Volatil;Población Distribuidores Regionales (Regional Distributor Agents)
DOS MIL S.A.;RED PROPIA;3652;2935;717;0;8;61;12;182,6;241,46491518056592;0;668;0,0;1,3223708388859032;0,8036692223439211;0,19633077765607887;40,0;456,5;0,062389010514051615;93,59248461842682;B;Demanda Erratica / Volatil;Población Distribuidores Regionales (Regional Distributor Agents)
ALEXCON SAS;RED PROPIA;3640;3271;369;0;2;14;7;182,0;560,202594931888;0;1834;0,0;3,0780362358894946;0,8986263736263737;0,10137362637362637;10,0;1820,0;0,0621840082889233;93,65466862671575;B;Demanda Erratica / Volatil;Población Distribuidores Regionales (Regional Distributor Agents)
CA Y CA SRL;RED PROPIA;3561;3399;162;0;7;50;17;178,05;271,8473788146964;0;915;0,0;1,5268035878387891;0,9545071609098568;0,04549283909014322;35,0;508,7142857142857;0,06083441030682854;93,71550303702257;B;Demanda Erratica / Volatil;Población Distribuidores Regionales (Regional Distributor Agents)
SIUVEM S. A. S.;RED PROPIA;3543;2316;78;1149;3;25;11;177,15;437,1642200170982;0;1388;0,0;2,4677630257809664;0,6536833192209992;0,02201524132091448;15,0;1181,0;0,06052690696913606;93,7760299439917;B;Demanda Erratica / Volatil;Población Distribuidores Regionales (Regional Distributor Agents)
EL PRIMER CIRCULO S.R.L.;RED PROPIA;3466;3454;12;0;2;19;12;173,3;534,7094735018555;0;1848;0,0;3,085455703992242;0,996537795729948;0,003462204270051933;10,0;1733,0;0,05921147602456268;93,83524142001626;B;Demanda Erratica / Volatil;Población Distribuidores Regionales (Regional Distributor Agents)
RODRIGUEZ MARIN JORGE EZEQUIEL;RED PROPIA;3393;3015;378;0;8;83;18;169,65;223,48961473575648;0;604;0,0;1,3173569981476951;0,8885941644562334;0,11140583554376658;40,0;424,125;0,057964379155032074;93,8932057991713;B;Demanda Erratica / Volatil;Población Distribuidores Regionales (Regional Distributor Agents)
GIORDANO DISTRIBUCIONES SRL;RED PROPIA;3389;3008;381;0;10;78;11;169,45;178,68981504271585;0;417;127,0;1,054528268177727;0,8875774564768368;0,11242254352316318;50,0;338,9;0,05789604507998931;93,95110184425128;B;Demanda Erratica / Volatil;Población Distribuidores Regionales (Regional Distributor Agents)
COOP AGR MIXTA DE MONTECARLO;RED PROPIA;3385;2842;519;24;10;121;20;169,25;194,53828604375568;0;481;7,5;1,1494138023264737;0,839586410635155;0,1533234859675037;50,0;338,5;0,057827711004946526;94,00892955525623;B;Demanda Erratica / Volatil;Población Distribuidores Regionales (Regional Distributor Agents)
FERNANDEZ MONICA JUDITH;RED PROPIA;3365;3149;216;0;9;27;9;168,25;208,44332184325944;0;543;0,0;1,238890471579551;0,9358098068350669;0,06419019316493313;45,0;373,8888888888889;0,05748604062973267;94,06641559588596;B;Demanda Erratica / Volatil;Población Distribuidores Regionales (Regional Distributor Agents)
MARTINEZ FRANCO BERNARDO;RED PROPIA;3355;3199;156;0;10;37;11;167,75;174,75151531607145;0;420;142,0;1,0417377962209922;0,9535022354694486;0,04649776453055142;50,0;335,5;0,05731520544212574;94,12373080132808;B;Demanda Erratica / Volatil;Población Distribuidores Regionales (Regional Distributor Agents)
BECQ CESAR HUGO;RED PROPIA;3333;3177;156;0;2;12;7;166,65;512,9452905063381;0;1675;0,0;3,0779795409921276;0,9531953195319532;0,046804680468046804;10,0;1666,5;0,05693936802939048;94,18067016935747;B;Demanda Erratica / Volatil;Población Distribuidores Regionales (Regional Distributor Agents)
GRUPO CARI SRL;RED PROPIA;3314;2874;440;0;4;57;18;165,7;344,44342595586085;0;953;0,0;2,0787171150021777;0,8672299336149668;0,1327700663850332;20,0;828,5;0,05661478117293732;94,23728495053041;B;Demanda Erratica / Volatil;Población Distribuidores Regionales (Regional Distributor Agents)
MIGUEL CHIARAVIGLIO Y CIA SRL;RED PROPIA;3302;3033;269;0;3;24;11;165,1;437,559487684998;0;1704;0,0;2,6502694590248215;0,918534221683828;0,08146577831617202;15,0;1100,6666666666667;0,05640977894780899;94,29369472947822;B;Demanda Erratica / Volatil;Población Distribuidores Regionales (Regional Distributor Agents)
LOPEZ LUCRECIA DANIELA BARBARA;RED PROPIA;3284;3127;157;0;2;45;25;164,2;505,51033098923114;0;1675;0,0;3,0786256454886187;0,9521924482338612;0,04780755176613886;10,0;1642,0;0,05610227561011652;94,34979700508833;B;Demanda Erratica / Volatil;Población Distribuidores Regionales (Regional Distributor Agents)
SIDHU S.R.L;RED PROPIA;3275;2846;429;0;3;31;13;163,75;468,27206160971264;0;1935;0,0;2,8596767121203825;0,8690076335877862;0,13099236641221373;15,0;1091,6666666666667;0,05594852394127028;94,4057455290296;B;Demanda Erratica / Volatil;Población Distribuidores Regionales (Regional Distributor Agents)
PERLETTI TOMAS ARIEL;RED PROPIA;3253;2912;341;0;8;56;9;162,65;225,18419945504732;0;547;0,0;1,3844709465419447;0,895173685828466;0,10482631417153397;40,0;406,625;0,05557268652853503;94,46131821555814;B;Demanda Erratica / Volatil;Población Distribuidores Regionales (Regional Distributor Agents)
MACHADO DIEGO HUMBERTO;RED PROPIA;3251;2690;171;390;4;34;13;162,55;352,1341662671084;0;988;0,0;2,1663129268970063;0,8274377114733928;0,05259920024607813;20,0;812,75;0,05553851949101365;94,51685673504915;B;Demanda Erratica / Volatil;Población Distribuidores Regionales (Regional Distributor Agents)
A L SA;RED PROPIA;3247;3237;10;0;4;18;13;162,35;377,46986983278407;0;1308;0,0;2,325037695305107;0,9969202340622113;0,003079765937788728;20,0;811,75;0,05547018541597087;94,57232692046512;B;Demanda Erratica / Volatil;Población Distribuidores Regionales (Regional Distributor Agents)
FIDANI WALTER DANIEL;RED PROPIA;3230;2826;404;0;6;92;23;161,5;270,49146304263905;0;774;0,0;1,6748697402020993;0,874922600619195;0,12507739938080495;30,0;538,3333333333334;0,05517976559703909;94,62750668606216;B;Demanda Erratica / Volatil;Población Distribuidores Regionales (Regional Distributor Agents)
GAUZE S.R.L.;RED PROPIA;3184;2996;188;0;5;66;15;159,2;304,13996085597444;0;916;0,0;1,9104268897988346;0,9409547738693468;0,059045226130653265;25,0;636,8;0,054393923734047195;94,68190060979622;B;Demanda Erratica / Volatil;Población Distribuidores Regionales (Regional Distributor Agents)
BARBAT DANIEL ENRIQUE;RED PROPIA;3160;2999;161;0;5;36;14;158,0;302,6829155542497;0;1054;0,0;1,9157146554066435;0,9490506329113924;0,050949367088607596;25,0;632,0;0,05398391928379055;94,73588452908001;B;Demanda Erratica / Volatil;Población Distribuidores Regionales (Regional Distributor Agents)
DIEZ CHIAPESSONI LUIS FEDERICO;RED PROPIA;3089;2726;363;0;6;55;15;154,45;263,2558241470992;0;689;0,0;1,70447280121139;0,8824862415021042;0,11751375849789576;30,0;514,8333333333334;0,052770989451781346;94,7886555185318;B;Demanda Erratica / Volatil;Población Distribuidores Regionales (Regional Distributor Agents)
ARAUJO MARISA MABEL;RED PROPIA;2934;2595;339;0;6;68;18;146,7;236,00693566971825;0;671;0,0;1,6087725676190747;0,8844580777096115;0,11554192229038855;30,0;489,0;0,050123044043873896;94,83877856257567;B;Demanda Erratica / Volatil;Población Distribuidores Regionales (Regional Distributor Agents)
ZANON ERIKA NOELIA;RED PROPIA;2920;2662;258;0;8;50;14;146,0;189,4837862804042;0;536;0,0;1,2978341526055082;0,9116438356164384;0,08835616438356164;40,0;365,0;0,049883874781224184;94,8886624373569;B;Demanda Erratica / Volatil;Población Distribuidores Regionales (Regional Distributor Agents)
AGUIRRE MAGDALENA;RED PROPIA;2906;2774;132;0;6;30;8;145,3;248,75037159453868;0;879;0,0;1,7119777811048773;0,9545767377838954;0,04542326221610461;30,0;484,3333333333333;0,049644705518574486;94,93830714287547;B;Demanda Erratica / Volatil;Población Distribuidores Regionales (Regional Distributor Agents)
WALTER ARNALDO MUSSIN;RED PROPIA;2892;1809;330;753;6;56;18;144,6;270,33632074841415;0;781;0,0;1,8695457866418683;0,6255186721991701;0,11410788381742738;30,0;482,0;0,04940553625592478;94,98771267913139;B;Demanda Erratica / Volatil;Población Distribuidores Regionales (Regional Distributor Agents)
FATIMA S.R.L.;RED PROPIA;2855;2718;137;0;8;70;13;142,75;180,20160493473034;0;406;0,0;1,2623580030453965;0,9520140105078809;0,04798598949211909;40,0;356,875;0,04877344606177913;95,03648612519316;C;Demanda Erratica / Volatil;Canal Agregado / Población Retailers (Aggregated Minor Retailers)
BAGGIO CARLOS ALFREDO;RED PROPIA;2855;2126;290;439;7;52;15;142,75;203,9068092097595;0;539;0,0;1,4284189787023434;0,7446584938704028;0,10157618213660245;35,0;407,85714285714283;0,04877344606177913;95,08525957125494;C;Demanda Erratica / Volatil;Canal Agregado / Población Retailers (Aggregated Minor Retailers)
SEIDEL PEDRO;RED PROPIA;2764;2638;126;0;7;50;14;138,2;198,23818740941013;0;528;0,0;1,4344297207627363;0,9544138929088278;0,045586107091172216;35,0;394,85714285714283;0,047218845854556046;95,1324784171095;C;Demanda Erratica / Volatil;Canal Agregado / Población Retailers (Aggregated Minor Retailers)
SUPER LA FRONTERA de PEDASCOLL;RED PROPIA;2752;2348;404;0;6;62;12;137,6;221,71518002300064;0;617;0,0;1,611302180399714;0,8531976744186046;0,14680232558139536;30,0;458,6666666666667;0,047013843629427725;95,17949226073893;C;Demanda Erratica / Volatil;Canal Agregado / Población Retailers (Aggregated Minor Retailers)
CACERES JULIA ROCIO;RED PROPIA;2715;2426;289;0;4;32;19;135,75;317,88840726532356;0;1243;0,0;2,3417193905364537;0,8935543278084714;0,10644567219152855;20,0;678,75;0,04638175343528208;95,22587401417421;C;Demanda Erratica / Volatil;Canal Agregado / Población Retailers (Aggregated Minor Retailers)
CUELLO JUAN ALBERTO;RED PROPIA;2697;2077;184;436;3;27;14;134,85;354,8890523440871;0;1203;0,0;2,6317319417433227;0,7701149425287356;0,0682239525398591;15,0;899,0;0,0460742500975896;95,2719482642718;C;Demanda Erratica / Volatil;Canal Agregado / Población Retailers (Aggregated Minor Retailers)
M.D. MAYORISTA S. A. S;RED PROPIA;2680;2680;0;0;2;13;8;134,0;432,7702684602512;0;1744;0,0;3,229628869106352;1,0;0,0;10,0;1340,0;0,04578383027865782;95,31773209455045;C;Demanda Erratica / Volatil;Canal Agregado / Población Retailers (Aggregated Minor Retailers)
FRANCO DISTRIBUCIONES S.R.L.;RED PROPIA;2599;2397;202;0;7;61;16;129,95;182,7326131119917;0;412;0,0;1,4061763225239838;0,9222777991535206;0,07772220084647942;35,0;371,2857142857143;0,044400065259041666;95,36213215980949;C;Demanda Erratica / Volatil;Canal Agregado / Población Retailers (Aggregated Minor Retailers)
MIGUEL BECERRA S A;RED PROPIA;2572;2363;209;0;3;16;7;128,6;320,59490753416856;0;1028;0,0;2,4929619559422127;0,9187402799377916;0,0812597200622084;15,0;857,3333333333334;0,04393881025250295;95,40607097006199;C;Demanda Erratica / Volatil;Canal Agregado / Población Retailers (Aggregated Minor Retailers)
ALTINPA SA;RED PROPIA;2563;2381;182;0;4;24;9;128,15;322,85018115789285;0;1250;0,0;2,519314718360459;0,9289894654701522;0,07101053452984783;20,0;640,75;0,043785058583656715;95,44985602864564;C;Demanda Erratica / Volatil;Canal Agregado / Población Retailers (Aggregated Minor Retailers)
PAGURA JOSE LUIS;RED PROPIA;2547;1905;264;378;7;78;21;127,35;181,88726265406675;0;459;0,0;1,4282470565690362;0,7479387514723204;0,10365135453474676;35,0;363,85714285714283;0,04351172228348562;95,49336775092912;C;Demanda Erratica / Volatil;Canal Agregado / Población Retailers (Aggregated Minor Retailers)
NABER CARINA VANESA;RED PROPIA;2528;2361;167;0;3;36;15;126,4;344,15287300849315;0;1263;0,0;2,722728425700104;0,9339398734177216;0,06606012658227849;15,0;842,6666666666666;0,043187135427032446;95,53655488635616;C;Demanda Erratica / Volatil;Canal Agregado / Población Retailers (Aggregated Minor Retailers)
DAMESCO S A;RED PROPIA;2516;2393;123;0;3;14;6;125,8;312,945699005939;0;1031;0,0;2,4876446661839346;0,9511128775834659;0,04888712241653418;15,0;838,6666666666666;0,042982133201904124;95,57953701955806;C;Demanda Erratica / Volatil;Canal Agregado / Población Retailers (Aggregated Minor Retailers)
CATAMARCA DISTRIBUCIONES SRL;RED PROPIA;2516;2406;110;0;6;22;6;125,8;222,50620334344794;0;672;0,0;1,7687297563072173;0,9562798092209857;0,04372019077901431;30,0;419,3333333333333;0,042982133201904124;95,62251915275996;C;Demanda Erratica / Volatil;Canal Agregado / Población Retailers (Aggregated Minor Retailers)
EL BUEN GUSTO SRL;RED PROPIA;2493;2150;343;0;10;88;12;124,65;129,26646286277284;0;302;106,5;1,0370354020278607;0,8624147613317288;0,13758523866827116;50,0;249,3;0,04258921227040818;95,66510836503038;C;Demanda Erratica / Volatil;Canal Agregado / Población Retailers (Aggregated Minor Retailers)
GOMEZ ORTIGOZA GRACIELA MABEL;RED PROPIA;2483;2260;223;0;6;53;19;124,15;195,20388127073167;0;472;0,0;1,5723228455153577;0,9101892871526379;0,08981071284736206;30,0;413,8333333333333;0,04241837708280125;95,70752674211317;C;Demanda Erratica / Volatil;Canal Agregado / Población Retailers (Aggregated Minor Retailers)
LA ALEMANA SRL;RED PROPIA;2467;2247;220;0;9;54;13;123,35;160,68120611944633;0;529;0,0;1,302644557109415;0,9108228617754357;0,08917713822456425;45,0;274,1111111111111;0,042145040782630164;95,7496717828958;C;Demanda Erratica / Volatil;Canal Agregado / Población Retailers (Aggregated Minor Retailers)
MUÑOZ AGHETONI MARCOS LAUREANO;RED PROPIA;2461;2282;179;0;6;38;11;123,05;194,849597868391;0;495;0,0;1,5834993731685574;0,9272653392929704;0,07273466070702966;30,0;410,1666666666667;0,042042539670066006;95,79171432256587;C;Demanda Erratica / Volatil;Canal Agregado / Población Retailers (Aggregated Minor Retailers)
COMERCIAL FEDERAL SRL;RED PROPIA;2419;2332;87;0;5;28;11;120,95;218,05539494164753;0;610;0,0;1,80285568368456;0,9640347250930137;0,03596527490698636;25,0;483,8;0,04132503188211689;95,83303935444798;C;Demanda Erratica / Volatil;Canal Agregado / Población Retailers (Aggregated Minor Retailers)
CYCOMAT S R L;RED PROPIA;2405;2405;0;0;4;18;7;120,25;261,69525768484385;0;928;0,0;2,1762599391671005;1,0;0,0;20,0;601,25;0,04108586261946718;95,87412521706744;C;Demanda Erratica / Volatil;Canal Agregado / Población Retailers (Aggregated Minor Retailers)
LOS LEGUI S.R.L;RED PROPIA;2405;2273;132;0;8;33;10;120,25;157,0711789704206;0;422;0,0;1,306205230523248;0,9451143451143451;0,05488565488565489;40,0;300,625;0,04108586261946718;95,91521107968691;C;Demanda Erratica / Volatil;Canal Agregado / Población Retailers (Aggregated Minor Retailers)
ANDRIANI LEANDRO PATRICIO;RED PROPIA;2389;2230;159;0;5;30;11;119,45;220,0151848826516;0;618;0,0;1,8419019245094315;0,9334449560485559;0,06655504395144411;25,0;477,8;0,04081252631929609;95,95602360600621;C;Demanda Erratica / Volatil;Canal Agregado / Población Retailers (Aggregated Minor Retailers)
CASA SCHOLLES SRL;RED PROPIA;2353;2287;66;0;6;28;8;117,65;185,15349961870186;0;420;0,0;1,5737654026239;0,9719507012324692;0,02804929876753081;30,0;392,1666666666667;0,040197519643911134;95,99622112565012;C;Demanda Erratica / Volatil;Canal Agregado / Población Retailers (Aggregated Minor Retailers)
MORAS JUAN MANUEL;RED PROPIA;2322;2151;171;0;4;37;13;116,1;248,84869636831638;0;811;0,0;2,143399624188772;0,9263565891472868;0,07364341085271318;20,0;580,5;0,039667930562329645;96,03588905621245;C;Demanda Erratica / Volatil;Canal Agregado / Población Retailers (Aggregated Minor Retailers)
CERATTI HNOS DISTRIBUCION SAS;RED PROPIA;2315;1753;161;401;6;40;13;115,75;185,72840244207188;0;485;0,0;1,6045650318969493;0,7572354211663067;0,0695464362850972;30,0;385,8333333333333;0,03954834593100479;96,07543740214346;C;Demanda Erratica / Volatil;Canal Agregado / Población Retailers (Aggregated Minor Retailers)
SUPERMERCADO PILONI SA;RED PROPIA;2315;2140;175;0;7;47;10;115,75;162,80659336189447;0;398;0,0;1,4065364437312697;0,9244060475161987;0,0755939524838013;35,0;330,7142857142857;0,03954834593100479;96,11498574807447;C;Demanda Erratica / Volatil;Canal Agregado / Población Retailers (Aggregated Minor Retailers)
EL MAYOR S.R.L.;RED PROPIA;2312;1968;344;0;6;33;12;115,6;210,45174468771992;0;553;0,0;1,820516822558131;0,8512110726643599;0,14878892733564014;30,0;385,3333333333333;0,039497095374722714;96,1544828434492;C;Demanda Erratica / Volatil;Canal Agregado / Población Retailers (Aggregated Minor Retailers)
PIEDRI-PACK S.R.L.;RED PROPIA;2305;1808;497;0;2;9;7;115,25;430,26073796196994;0;1903;0,0;3,7332818912101513;0,7843817787418655;0,21561822125813448;10,0;1152,5;0,03937751074339786;96,1938603541926;C;Demanda Erratica / Volatil;Canal Agregado / Población Retailers (Aggregated Minor Retailers)
MAGUNA FACUNDO EDGARDO;RED PROPIA;2295;2036;259;0;4;42;20;114,75;251,71556106885907;0;896;0,0;2,193599660730798;0,8871459694989107;0,11285403050108933;20,0;573,75;0,03920667555579093;96,23306702974838;C;Demanda Erratica / Volatil;Canal Agregado / Población Retailers (Aggregated Minor Retailers)
R81 SOLUCIONES S. R. L.;RED PROPIA;2245;2075;170;0;7;51;20;112,25;209,98041888659398;0;682;0,0;1,8706496114618618;0,9242761692650334;0,0757238307349666;35,0;320,7142857142857;0,03835249961775627;96,27141952936614;C;Demanda Erratica / Volatil;Canal Agregado / Población Retailers (Aggregated Minor Retailers)
HAGEMANN CLAUDIA CARINA;RED PROPIA;2224;2012;212;0;6;64;14;111,2;179,02854814981765;0;528;0,0;1,6099689581818133;0,9046762589928058;0,09532374100719425;30,0;370,6666666666667;0,03799374572378171;96,30941327508992;C;Demanda Erratica / Volatil;Canal Agregado / Población Retailers (Aggregated Minor Retailers)
MILHEM HNOS S.H.;RED PROPIA;2219;2169;50;0;4;11;4;110,95;229,09236817907035;0;632;0,0;2,064825310311585;0,9774673276250563;0,02253267237494367;20,0;554,75;0,03790832812997825;96,3473216032199;C;Demanda Erratica / Volatil;Canal Agregado / Población Retailers (Aggregated Minor Retailers)
GIMENEZ JIMENA ITATI;RED PROPIA;2201;2078;123;0;6;24;6;110,05;192,37120777015298;0;443;0,0;1,7480346003648612;0,9441163107678328;0,055883689232167195;30,0;366,8333333333333;0,03760082479228576;96,38492242801219;C;Demanda Erratica / Volatil;Canal Agregado / Población Retailers (Aggregated Minor Retailers)
MERCADO MODELO S.R.L.;RED PROPIA;2189;1951;238;0;5;36;17;109,45;194,94681460930772;0;485;0,0;1,7811495167593212;0,8912745545911375;0,10872544540886249;25,0;437,8;0,03739582256715745;96,42231825057935;C;Demanda Erratica / Volatil;Canal Agregado / Población Retailers (Aggregated Minor Retailers)
BIANCHI MARIA ISABEL;RED PROPIA;2155;2095;60;0;1;9;9;107,75;481,87264915120466;0;2155;0,0;4,472135954999579;0,9721577726218097;0,027842227378190254;5,0;2155,0;0,03681498292929388;96,45913323350865;C;Demanda Erratica / Volatil;Canal Agregado / Población Retailers (Aggregated Minor Retailers)
MAYORISTA LIBRE S. R. L;RED PROPIA;2137;1933;91;113;4;45;17;106,85;241,6912504132406;0;872;0,0;2,261967715612921;0,9045390734674777;0,04258306036499766;20,0;534,25;0,036507479591601395;96,49564071310026;C;Demanda Erratica / Volatil;Canal Agregado / Población Retailers (Aggregated Minor Retailers)
MI MAYORIST DISTRIBUCIONES SRL;RED PROPIA;2131;2052;79;0;5;18;6;106,55;191,74118383630412;0;521;0,0;1,7995418473609022;0,9629282027217269;0,03707179727827311;25,0;426,2;0,036404978479037245;96,5320456915793;C;Demanda Erratica / Volatil;Canal Agregado / Población Retailers (Aggregated Minor Retailers)
BOCHINI MARIO;RED PROPIA;2126;2029;97;0;6;30;8;106,3;175,055209336339;0;564;0,0;1,6468034744716746;0,9543744120413923;0,045625587958607716;30,0;354,3333333333333;0,036319560885233776;96,56836525246453;C;Demanda Erratica / Volatil;Canal Agregado / Población Retailers (Aggregated Minor Retailers)
BENETTI ANGEL ANIBAL;RED PROPIA;2121;2031;90;0;6;48;16;106,05;167,272697303409;0;420;0,0;1,5773003046054597;0,9575671852899575;0,042432814710042434;30,0;353,5;0,036234143291430314;96,60459939575595;C;Demanda Erratica / Volatil;Canal Agregado / Población Retailers (Aggregated Minor Retailers)
MONTENEGRO RODRIGO;RED PROPIA;2120;1829;291;0;6;52;15;106,0;169,68019454565882;0;465;0,0;1,600756552317536;0,8627358490566037;0,13726415094339622;30,0;353,3333333333333;0,03621705977266961;96,64081645552862;C;Demanda Erratica / Volatil;Canal Agregado / Población Retailers (Aggregated Minor Retailers)
PITTANA ARNALDO ANIBAL;RED PROPIA;2112;1782;330;0;6;43;15;105,6;167,8368255181204;0;442;0,0;1,589363878012504;0,84375;0,15625;30,0;352,0;0,03608039162258407;96,67689684715121;C;Demanda Erratica / Volatil;Canal Agregado / Población Retailers (Aggregated Minor Retailers)
FANGI SEBASTIAN;RED PROPIA;2108;1823;285;0;7;60;16;105,4;159,81383906875755;0;381;0,0;1,5162603327206596;0,8648007590132827;0,13519924098671726;35,0;301,14285714285717;0,0360120575475413;96,71290890469875;C;Demanda Erratica / Volatil;Canal Agregado / Población Retailers (Aggregated Minor Retailers)
LOIZAGA MARCOS RODOLFO;RED PROPIA;2102;1169;170;763;3;48;25;105,1;260,7448642073824;0;800;0,0;2,480921638509823;0,5561370123691722;0,08087535680304472;15,0;700,6666666666666;0,03590955643497714;96,74881846113372;C;Demanda Erratica / Volatil;Canal Agregado / Población Retailers (Aggregated Minor Retailers)
DIAZ CARLOS RAUL;RED PROPIA;2101;1916;185;0;6;32;9;105,05;165,7542489730854;0;408;0,0;1,5778605328232784;0,9119466920514041;0,08805330794859591;30,0;350,1666666666667;0,035892472916216445;96,78471093404994;C;Demanda Erratica / Volatil;Canal Agregado / Población Retailers (Aggregated Minor Retailers)
AUTOSERV MAYORISTA MASTER SA;RED PROPIA;2100;1274;185;641;2;14;10;105,0;349,36498785202;0;1459;0,0;3,327285598590667;0,6066666666666667;0,0880952380952381;10,0;1050,0;0,035875389397455756;96,8205863234474;C;Demanda Erratica / Volatil;Canal Agregado / Población Retailers (Aggregated Minor Retailers)
MAIDANA PRIVSEK FEDERICO;RED PROPIA;2100;1014;78;1008;2;6;3;105,0;323,4703272814663;0;1092;0,0;3,0806697836330126;0,4828571428571429;0,037142857142857144;10,0;1050,0;0,035875389397455756;96,85646171284486;C;Demanda Erratica / Volatil;Canal Agregado / Población Retailers (Aggregated Minor Retailers)
ABRAHAM JORGE ALBERTO;RED PROPIA;2081;1975;76;30;5;27;11;104,05;188,54860465086838;0;549;0,0;1,8120961523389563;0,9490629505045651;0,03652090341182124;25,0;416,2;0,03555080254100258;96,89201251538586;C;Demanda Erratica / Volatil;Canal Agregado / Población Retailers (Aggregated Minor Retailers)
AUTOSERVICIO EL TREBOL S.R.L.;RED PROPIA;2070;1859;211;0;5;39;16;103,5;188,74335122482844;0;542;0,0;1,8236072582109029;0,8980676328502415;0,10193236714975845;25,0;414,0;0,035362883834634956;96,9273753992205;C;Demanda Erratica / Volatil;Canal Agregado / Población Retailers (Aggregated Minor Retailers)
FENIX DISTRIBUCIONES SRL;RED PROPIA;2058;2005;53;0;6;41;8;102,9;163,68065827927512;0;420;0,0;1,590676951207727;0,9742468415937804;0,02575315840621963;30,0;343,0;0,035157881609506635;96,96253328083;C;Demanda Erratica / Volatil;Canal Agregado / Población Retailers (Aggregated Minor Retailers)
MAYORISTA DISTRI MINORISTA SAS;RED PROPIA;2011;1502;379;130;4;25;8;100,55;208,7588573601508;0;577;0,0;2,0761696405783274;0,746892093485828;0,18846345101939332;20,0;502,75;0,03435495622775406;96,99688823705776;C;Demanda Erratica / Volatil;Canal Agregado / Población Retailers (Aggregated Minor Retailers)
FABRO JORGE OMAR;RED PROPIA;1989;1948;41;0;5;28;7;99,45;178,29912034496826;0;431;0,0;1,7928518888382932;0,9793866264454499;0,020613373554550025;25,0;397,8;0,033979118815018805;97,03086735587279;C;Demanda Erratica / Volatil;Canal Agregado / Población Retailers (Aggregated Minor Retailers)
FUMANDO ESPERO S. R. L.;RED PROPIA;1980;1902;78;0;5;26;8;99,0;178,39105476747602;0;464;0,0;1,8019298461361215;0,9606060606060606;0,03939393939393939;25,0;396,0;0,03382536714617256;97,06469272301896;C;Demanda Erratica / Volatil;Canal Agregado / Población Retailers (Aggregated Minor Retailers)
KNAPPE JESSICA NATALIA;RED PROPIA;1974;1779;169;26;4;35;21;98,7;206,53280611079683;0;594;0,0;2,0925309636352263;0,9012158054711246;0,085612968591692;20,0;493,5;0,033722866033608405;97,09841558905258;C;Demanda Erratica / Volatil;Canal Agregado / Población Retailers (Aggregated Minor Retailers)
SUPERMERCADOS EL SOL S.R.L.;RED PROPIA;1974;1933;41;0;5;54;17;98,7;187,08149082826526;0;645;0,0;1,8954558341262944;0,9792299898682877;0,02077001013171226;25,0;394,8;0,033722866033608405;97,13213845508619;C;Demanda Erratica / Volatil;Canal Agregado / Población Retailers (Aggregated Minor Retailers)
DI BAMBINI DISTRIBUCION S.R.L;RED PROPIA;1948;1640;308;0;5;55;19;97,4;176,0374960058226;0;490;0,0;1,8073664887661456;0,8418891170431212;0,15811088295687886;25,0;389,6;0,033278694545830385;97,16541714963202;C;Demanda Erratica / Volatil;Canal Agregado / Población Retailers (Aggregated Minor Retailers)
DISTRIBUCIONES M Y F S.R.L;RED PROPIA;1944;1742;202;0;1;14;14;97,2;434,69161482595905;0;1944;0,0;4,472135954999579;0,8960905349794238;0,10390946502057613;5,0;1944,0;0,03321036047078761;97,19862751010281;C;Demanda Erratica / Volatil;Canal Agregado / Población Retailers (Aggregated Minor Retailers)
EFA DISTRIBUIDORA S.A.S.;RED PROPIA;1938;1794;144;0;4;13;5;96,9;198,94296987618813;0;504;0,0;2,053075024522065;0,9256965944272446;0,07430340557275542;20,0;484,5;0,033107859358223454;97,23173536946103;C;Demanda Erratica / Volatil;Canal Agregado / Población Retailers (Aggregated Minor Retailers)
HAHN DANIEL;RED PROPIA;1938;1755;183;0;5;64;16;96,9;174,43439424246827;0;441;0,0;1,8001485473938934;0,9055727554179567;0,09442724458204334;25,0;387,6;0,033107859358223454;97,26484322881926;C;Demanda Erratica / Volatil;Canal Agregado / Población Retailers (Aggregated Minor Retailers)
SADANIOVSKI LUCIA MABEL;RED PROPIA;1908;1739;169;0;5;18;5;95,4;171,01689667213714;0;444;0,0;1,7926299441523807;0,9114255765199162;0,08857442348008386;25,0;381,6;0,032595353795402654;97,29743858261466;C;Demanda Erratica / Volatil;Canal Agregado / Población Retailers (Aggregated Minor Retailers)
OLALAC SRL;RED PROPIA;1902;1500;402;0;1;15;15;95,1;425,30012932046;0;1902;0,0;4,47213595499958;0,7886435331230284;0,2113564668769716;5,0;1902,0;0,0324928526828385;97,3299314352975;C;Demanda Erratica / Volatil;Canal Agregado / Población Retailers (Aggregated Minor Retailers)
GENESINI ROBERTO OMAR;RED PROPIA;1893;1728;165;0;4;51;15;94,65;196,2094141740562;0;571;0,0;2,072999621490293;0,9128367670364501;0,08716323296354993;20,0;473,25;0,032339101013992254;97,36227053631148;C;Demanda Erratica / Volatil;Canal Agregado / Población Retailers (Aggregated Minor Retailers)
YU XINZHI;RED PROPIA;1869;1668;201;0;2;17;11;93,45;287,7615012105465;0;961;0,0;3,0793098042862117;0,8924558587479936;0,10754414125200643;10,0;934,5;0,03192909656373562;97,39419963287521;C;Demanda Erratica / Volatil;Canal Agregado / Población Retailers (Aggregated Minor Retailers)
SA IMP Y EXP DE LA PATAGONIA;RED PROPIA;1850;1850;0;0;6;22;5;92,5;175,95797943348802;0;556;0,0;1,9022484263079786;1,0;0,0;30,0;308,3333333333333;0,03160450970728245;97,42580414258249;C;Demanda Erratica / Volatil;Canal Agregado / Población Retailers (Aggregated Minor Retailers)
FERREYRA DEAN S.A.;RED PROPIA;1827;1577;250;0;2;24;16;91,35;281,507272973261;0;956;0,0;3,0816340774303344;0,8631636562671046;0,13683634373289547;10,0;913,5;0,031211588775786503;97,45701573135828;C;Demanda Erratica / Volatil;Canal Agregado / Población Retailers (Aggregated Minor Retailers)
APALCHE SA;RED PROPIA;1809;1537;272;0;5;64;16;90,45;162,93895369609734;0;424;0,0;1,8014256903935582;0,849640685461581;0,15035931453841903;25,0;361,8;0,030904085438094024;97,48791981679638;C;Demanda Erratica / Volatil;Canal Agregado / Población Retailers (Aggregated Minor Retailers)
ALVAREZ MATIAS EXEQUIEL;RED PROPIA;1806;1709;97;0;4;21;7;90,3;188,7167468093804;0;551;0,0;2,0898864541459625;0,9462901439645626;0,05370985603543743;20,0;451,5;0,03085283488181195;97,51877265167819;C;Demanda Erratica / Volatil;Canal Agregado / Población Retailers (Aggregated Minor Retailers)
NEREA S.R.L.;RED PROPIA;1788;1728;60;0;3;12;6;89,4;219,0083872462663;0;634;0,0;2,449758246602531;0,9664429530201343;0,03355704697986577;15,0;596,0;0,030545331544119467;97,54931798322231;C;Demanda Erratica / Volatil;Canal Agregado / Población Retailers (Aggregated Minor Retailers)
AUTOSERVICIO MAYORISTA SAN LUI;RED PROPIA;1783;1744;39;0;5;15;4;89,15;158,5484402154018;0;374;0,0;1,7784457679798293;0,9781267526640494;0,021873247335950644;25,0;356,6;0,030459913950316;97,57977789717262;C;Demanda Erratica / Volatil;Canal Agregado / Población Retailers (Aggregated Minor Retailers)
LOS TRES B.H. S.R.L.;RED PROPIA;1772;1658;114;0;4;29;13;88,6;185,0744942477289;0;532;0,0;2,088876910245247;0,9356659142212189;0,06433408577878104;20,0;443,0;0,03027199524394838;97,61004989241657;C;Demanda Erratica / Volatil;Canal Agregado / Población Retailers (Aggregated Minor Retailers)
BLEIN SA;RED PROPIA;1763;1605;158;0;5;42;12;88,15;158,84559699346573;0;415;0,0;1,801992024883332;0,9103800340328985;0,08961996596710153;25,0;352,6;0,030118243575102135;97,64016813599167;C;Demanda Erratica / Volatil;Canal Agregado / Población Retailers (Aggregated Minor Retailers)
MOREL FRANCISCA;RED PROPIA;1759;1746;13;0;5;13;8;87,95;157,16651411129135;0;390;0,0;1,7869984549322495;0,992609437180216;0,007390562819783968;25,0;351,8;0,03004990950005937;97,67021804549174;C;Demanda Erratica / Volatil;Canal Agregado / Población Retailers (Aggregated Minor Retailers)
CANELLO JOSE MARIA;RED PROPIA;1719;1387;332;0;5;45;16;85,95;159,49244331216516;0;513;0,0;1,8556421560461334;0,8068644560791157;0,19313554392088422;25,0;343,8;0,029366568749631637;97,69958461424137;C;Demanda Erratica / Volatil;Canal Agregado / Población Retailers (Aggregated Minor Retailers)
SUPERMERCADOS TATA S.R.L.;RED PROPIA;1715;1527;188;0;3;34;18;85,75;224,17941005974845;0;748;0,0;2,6143371435539176;0,8903790087463557;0,10962099125364431;15,0;571,6666666666666;0,029298234674588863;97,72888284891596;C;Demanda Erratica / Volatil;Canal Agregado / Población Retailers (Aggregated Minor Retailers)
MOLETTA ANTONIO ALEJANDRO;RED PROPIA;1685;1652;33;0;5;18;6;84,25;155,7852350952561;0;458;0,0;1,8490829091425056;0,9804154302670623;0,019584569732937686;25,0;337,0;0,028785729111768067;97,75766857802773;C;Demanda Erratica / Volatil;Canal Agregado / Población Retailers (Aggregated Minor Retailers)
GALCOM FOOD S. A.;RED PROPIA;1682;596;0;1086;2;13;8;84,1;270,78402736070717;0;1086;0,0;3,2197862944198237;0,35434007134363854;0,0;10,0;841,0;0,028734478555485984;97,78640305658323;C;Demanda Erratica / Volatil;Canal Agregado / Población Retailers (Aggregated Minor Retailers)
PORTALEZ SANTIAGO MARTIN;RED PROPIA;1659;1444;215;0;2;20;14;82,95;256,4259357520525;0;903;0,0;3,091331353249578;0,8704038577456299;0,1295961422543701;10,0;829,5;0,028341557623990044;97,81474461420721;C;Demanda Erratica / Volatil;Canal Agregado / Población Retailers (Aggregated Minor Retailers)
HLAVAC OSCAR FRANCISCO;RED PROPIA;1658;1567;91;0;5;42;12;82,9;152,09757948176073;0;383;0,0;1,8347114533384887;0,9451145958986731;0,0548854041013269;25,0;331,6;0,028324474105229352;97,84306908831245;C;Demanda Erratica / Volatil;Canal Agregado / Población Retailers (Aggregated Minor Retailers)
JANONA S. R. L;RED PROPIA;1648;1508;100;40;4;37;17;82,4;170,8102671633677;0;493;0,0;2,0729401354777632;0,9150485436893204;0,06067961165048544;20,0;412,0;0,028153638917622417;97,87122272723006;C;Demanda Erratica / Volatil;Canal Agregado / Población Retailers (Aggregated Minor Retailers)
SILY RAMIRO ANDRES;RED PROPIA;1641;1623;18;0;4;26;9;82,05;169,48543641827973;0;473;0,0;2,065636031910783;0,9890310786106032;0,010968921389396709;20,0;410,25;0,028034054286297568;97,89925678151636;C;Demanda Erratica / Volatil;Canal Agregado / Población Retailers (Aggregated Minor Retailers)
SUC DE INES MARIA SIMONATO SH;RED PROPIA;1640;1495;145;0;5;63;18;82,0;146,3618443231849;0;378;0,0;1,7849005405266452;0,9115853658536586;0,08841463414634146;25,0;328,0;0,028016970767536876;97,9272737522839;C;Demanda Erratica / Volatil;Canal Agregado / Población Retailers (Aggregated Minor Retailers)
AUTOSERV VELASQUEZ E HIJOS SA;RED PROPIA;1616;1467;149;0;4;16;5;80,8;170,0023529248934;0;540;0,0;2,1039895163971956;0,9077970297029703;0,0922029702970297;20,0;404,0;0,027606966317280237;97,95488071860117;C;Demanda Erratica / Volatil;Canal Agregado / Población Retailers (Aggregated Minor Retailers)
CASTRO GABRIEL DARIO;RED PROPIA;1600;1103;97;400;3;20;11;80,0;199,07258660308332;0;622;0,0;2,4884073325385416;0,689375;0,060625;15,0;533,3333333333334;0,027333630017109145;97,98221434861829;C;Demanda Erratica / Volatil;Canal Agregado / Población Retailers (Aggregated Minor Retailers)
RAMON BUJ E HIJOS S A C I A;RED PROPIA;1600;1585;15;0;2;7;5;80,0;249,71225545878957;0;928;0,0;3,12140319323487;0,990625;0,009375;10,0;800,0;0,027333630017109145;98,0095479786354;C;Demanda Erratica / Volatil;Canal Agregado / Población Retailers (Aggregated Minor Retailers)
SERVICIOS ALTO URUGUAY S.R.L.;RED PROPIA;1598;1196;36;366;4;17;8;79,9;164,31993824628574;0;430;0,0;2,0565699405042017;0,7484355444305382;0,02252816020025031;20,0;399,5;0,027299462979587758;98,03684744161498;C;Demanda Erratica / Volatil;Canal Agregado / Población Retailers (Aggregated Minor Retailers)
DEL  ZOTTO LUIS ALBERTO;RED PROPIA;1595;1130;260;205;9;37;12;79,75;98,70523635659117;0;280;0,0;1,2376832145027106;0,7084639498432602;0,16300940438871472;45,0;177,22222222222223;0,02724821242330568;98,06409565403828;C;Demanda Erratica / Volatil;Canal Agregado / Población Retailers (Aggregated Minor Retailers)
FEEL DISTRIBUCIONES S.A.;RED PROPIA;1589;1414;175;0;5;41;15;79,45;142,03390069757438;0;374;0,0;1,7877142944943283;0,8898678414096917;0,11013215859030837;25,0;317,8;0,027145711310741522;98,09124136534902;C;Demanda Erratica / Volatil;Canal Agregado / Población Retailers (Aggregated Minor Retailers)
KREMER RUBEN GUILLERMO;RED PROPIA;1571;1451;120;0;4;22;11;78,55;164,70371324865368;0;489;0,0;2,0968009325099133;0,9236155315085932;0,07638446849140675;20,0;392,75;0,02683820797304904;98,11807957332206;C;Demanda Erratica / Volatil;Canal Agregado / Población Retailers (Aggregated Minor Retailers)
T Y S SRL;RED PROPIA;1568;1233;335;0;5;20;9;78,4;153,84729270833535;0;486;0,0;1,9623379171981548;0,7863520408163265;0,21364795918367346;25,0;313,6;0,026786957416766965;98,14486653073882;C;Demanda Erratica / Volatil;Canal Agregado / Población Retailers (Aggregated Minor Retailers)
FERREYRA VICTOR CEFERINO;RED PROPIA;1545;1419;126;0;4;22;8;77,25;161,73723816897058;0;476;0,0;2,0936859309899103;0,9184466019417475;0,08155339805825243;20,0;386,25;0,026394036485271017;98,1712605672241;C;Demanda Erratica / Volatil;Canal Agregado / Población Retailers (Aggregated Minor Retailers)
GALVAN FRANCO MATIAS;RED PROPIA;1537;1410;68;59;4;26;9;76,85;159,95600546466056;0;467;0,0;2,0814054061764553;0,9173715029277814;0,04424202992843201;20,0;384,25;0,02625736833518547;98,19751793555928;C;Demanda Erratica / Volatil;Canal Agregado / Población Retailers (Aggregated Minor Retailers)
OSES JUSTO SANTIAGO;RED PROPIA;1529;1339;142;48;4;25;11;76,45;159,81057042965784;0;442;0,0;2,090393334593301;0,8757357750163506;0,09287115761935906;20,0;382,25;0,026120700185099925;98,22363863574438;C;Demanda Erratica / Volatil;Canal Agregado / Población Retailers (Aggregated Minor Retailers)
SILVA PAULA ANDREA;RED PROPIA;1509;1408;101;0;4;18;8;75,45;155,15271763483128;0;414;0,0;2,0563647135166505;0,9330682571239232;0,06693174287607687;20,0;377,25;0,025779029809886063;98,24941766555426;C;Demanda Erratica / Volatil;Canal Agregado / Población Retailers (Aggregated Minor Retailers)
MARINI ROSANA VIVIANA;RED PROPIA;1498;1397;101;0;1;14;14;74,9;334,96298302946843;0;1498;0,0;4,472135954999578;0,9325767690253671;0,06742323097463285;5,0;1498,0;0,025591111103518437;98,27500877665778;C;Demanda Erratica / Volatil;Canal Agregado / Población Retailers (Aggregated Minor Retailers)
ARIAS CESAR JAVIER;RED PROPIA;1497;1395;102;0;4;25;7;74,85;156,66198107961443;0;487;0,0;2,093012439273406;0,9318637274549099;0,06813627254509018;20,0;374,25;0,025574027584757745;98,30058280424254;C;Demanda Erratica / Volatil;Canal Agregado / Población Retailers (Aggregated Minor Retailers)
AYALA GUSTAVO DANIEL;RED PROPIA;1490;1409;33;48;5;17;7;74,5;137,14360510447665;0;390;0,0;1,8408537597916328;0,9456375838926174;0,02214765100671141;25,0;298,0;0,02545444295343289;98,32603724719597;C;Demanda Erratica / Volatil;Canal Agregado / Población Retailers (Aggregated Minor Retailers)
MASSONE S.R.L;RED PROPIA;1488;1493;-5;0;3;8;3;74,4;182,85524905034353;0;558;0,0;2,4577318420745096;1,0033602150537635;-0,003360215053763441;15,0;496,0;0,025420275915911505;98,35145752311188;C;Demanda Erratica / Volatil;Canal Agregado / Población Retailers (Aggregated Minor Retailers)
DISTRIBUIDORA SCIASCI S.R.L.;RED PROPIA;1439;1344;95;0;3;16;8;71,95;177,60585427762288;0;568;0,0;2,4684621859294356;0,9339819318971508;0,0660180681028492;15,0;479,6666666666667;0,024583183496637535;98,3760407066085;C;Demanda Erratica / Volatil;Canal Agregado / Población Retailers (Aggregated Minor Retailers)
TOSOLINI VERONICA LILIANA;RED PROPIA;1437;1073;88;276;4;27;15;71,85;152,33905225550427;0;498;0,0;2,1202373313222584;0,7466945024356297;0,061238691718858734;20,0;359,25;0,02454901645911615;98,40058972306763;C;Demanda Erratica / Volatil;Canal Agregado / Población Retailers (Aggregated Minor Retailers)
FERNANDEZ SIMON MIGUEL;RED PROPIA;1426;1426;0;0;2;11;8;71,3;229,69386949635924;0;922;0,0;3,221512896162121;1,0;0,0;10,0;713,0;0,024361097752748525;98,42495082082037;C;Demanda Erratica / Volatil;Canal Agregado / Población Retailers (Aggregated Minor Retailers)
MASAO OTA;RED PROPIA;1423;1299;124;0;4;40;13;71,15;146,94441304900226;0;405;0,0;2,06527636049195;0,9128601546029516;0,08713984539704848;20,0;355,75;0,024309847196466446;98,44926066801683;C;Demanda Erratica / Volatil;Canal Agregado / Población Retailers (Aggregated Minor Retailers)
G.A. SRL;RED PROPIA;1422;1288;134;0;4;30;19;71,1;146,94535325115;0;419;0,0;2,066741958525317;0,9057665260196905;0,09423347398030943;20,0;355,5;0,024292763677705755;98,47355343169454;C;Demanda Erratica / Volatil;Canal Agregado / Población Retailers (Aggregated Minor Retailers)
COL VEN S.A.;RED PROPIA;1400;1265;135;0;2;2;1;70,0;215,45545393788237;0;700;0,0;3,0779350562554626;0,9035714285714286;0,09642857142857143;10,0;700,0;0,023916926264970502;98,49747035795951;C;Demanda Erratica / Volatil;Canal Agregado / Población Retailers (Aggregated Minor Retailers)
ANTONIO PASTOR E HIJOS SRL;RED PROPIA;1394;1394;0;0;3;11;6;69,7;177,29698545838724;0;598;0,0;2,543715716763088;1,0;0,0;15,0;464,6666666666667;0,02381442515240634;98,52128478311192;C;Demanda Erratica / Volatil;Canal Agregado / Población Retailers (Aggregated Minor Retailers)
LA ESPERANZA S.R.L.;RED PROPIA;1381;1019;362;0;4;26;12;69,05;164,52722539062293;0;465;0,0;2,3827259289011287;0,7378711078928313;0,2621288921071687;20,0;345,25;0,023592339408517328;98,54487712252045;C;Demanda Erratica / Volatil;Canal Agregado / Población Retailers (Aggregated Minor Retailers)
PAEZ ALEMAÑY ERNESTO MIGUEL;RED PROPIA;1378;1313;65;0;3;16;7;68,9;168,36642370609096;0;477;0,0;2,4436345966050936;0,9528301886792453;0,04716981132075472;15,0;459,3333333333333;0,02354108885223525;98,56841821137269;C;Demanda Erratica / Volatil;Canal Agregado / Población Retailers (Aggregated Minor Retailers)
AGRICULTORES FEDERADOS ARGENTI;RED PROPIA;1357;1261;96;0;3;14;8;67,85;200,8419842353161;0;788;0,0;2,960088198014976;0,9292557111274871;0,0707442888725129;15,0;452,3333333333333;0,023182334958260692;98,59160054633095;C;Demanda Erratica / Volatil;Canal Agregado / Población Retailers (Aggregated Minor Retailers)
TERUEL EDUARDO ANTONIO;RED PROPIA;1336;1217;119;0;4;41;14;66,8;137,12944326630335;0;349;0,0;2,0528359770404694;0,9109281437125748;0,08907185628742514;20,0;334,0;0,022823581064286134;98,61442412739524;C;Demanda Erratica / Volatil;Canal Agregado / Población Retailers (Aggregated Minor Retailers)
ESCUDO SRL;RED PROPIA;1310;1223;87;0;1;9;9;65,5;292,92490505247247;0;1310;0,0;4,47213595499958;0,933587786259542;0,06641221374045801;5,0;1310,0;0,02237940957650811;98,63680353697174;C;Demanda Erratica / Volatil;Canal Agregado / Población Retailers (Aggregated Minor Retailers)
MENDOZA PABLO CESAR;RED PROPIA;1289;1243;46;0;3;23;13;64,45;158,0760892734888;0;457;0,0;2,4526933944684064;0,9643134212567882;0,035686578743211794;15,0;429,6666666666667;0,022020655682533554;98,65882419265428;C;Demanda Erratica / Volatil;Canal Agregado / Población Retailers (Aggregated Minor Retailers)
SOSA EZEQUIEL SEBASTIAN;RED PROPIA;1281;1171;110;0;3;29;13;64,05;157,2401699713899;0;480;0,0;2,454959718522871;0,9141295862607338;0,0858704137392662;15,0;427,0;0,021883987532448006;98,68070818018673;C;Demanda Erratica / Volatil;Canal Agregado / Población Retailers (Aggregated Minor Retailers)
ALIMENTOS DEL NEA SA;RED PROPIA;1275;1169;106;0;3;26;15;63,75;181,67289141114097;0;754;0,0;2,849770845664956;0,9168627450980392;0,08313725490196078;15,0;425,0;0,02178148641988385;98,70248966660661;C;Demanda Erratica / Volatil;Canal Agregado / Población Retailers (Aggregated Minor Retailers)
CUVA S.R.L.;RED PROPIA;1266;1069;197;0;3;22;14;63,3;160,22684576956246;0;571;0,0;2,5312297909883488;0,844391785150079;0,15560821484992102;15,0;422,0;0,02162773475103761;98,72411740135765;C;Demanda Erratica / Volatil;Canal Agregado / Población Retailers (Aggregated Minor Retailers)
GOMEZ MANUEL BENITO;RED PROPIA;1246;1165;81;0;3;17;9;62,3;158,09560731605282;0;568;0,0;2,5376501976894517;0,934991974317817;0,06500802568218299;15,0;415,3333333333333;0,021286064375823747;98,74540346573347;C;Demanda Erratica / Volatil;Canal Agregado / Población Retailers (Aggregated Minor Retailers)
BENCHIMOL MAGDALENA;RED PROPIA;1245;1109;136;0;3;28;10;62,25;152,13943569875906;0;427;0,0;2,4440069991768523;0,8907630522088353;0,10923694779116466;15,0;415,0;0,021268980857063052;98,76667244659053;C;Demanda Erratica / Volatil;Canal Agregado / Población Retailers (Aggregated Minor Retailers)
ZAMBON MAXIMILIANO MARTIN;RED PROPIA;1233;744;86;403;3;27;16;61,65;150,59820191839154;0;421;0,0;2,442793218465394;0,6034063260340633;0,06974858069748581;15,0;411,0;0,021063978631934734;98,78773642522246;C;Demanda Erratica / Volatil;Canal Agregado / Población Retailers (Aggregated Minor Retailers)
SANCHEZ JOSE MAXIMILIANO;RED PROPIA;1223;1113;110;0;2;16;11;61,15;188,2918437454279;0;628;0,0;3,0791797832449372;0,9100572363041701;0,08994276369582993;10,0;611,5;0,020893143444327803;98,80862956866679;C;Demanda Erratica / Volatil;Canal Agregado / Población Retailers (Aggregated Minor Retailers)
S & R COMERCIAL SA;RED PROPIA;1217;1113;104;0;3;23;14;60,85;152,13749840539847;0;518;0,0;2,5002053969662854;0,914543960558751;0,08545603944124898;15,0;405,6666666666667;0,020790642331763642;98,82942021099855;C;Demanda Erratica / Volatil;Canal Agregado / Población Retailers (Aggregated Minor Retailers)
SUPER EL DORADO S.A.;RED PROPIA;1208;1113;95;0;5;34;11;60,4;124,96458445664136;0;371;0,0;2,068950073785453;0,9213576158940397;0,07864238410596026;25,0;241,6;0,020636890662917403;98,85005710166146;C;Demanda Erratica / Volatil;Canal Agregado / Población Retailers (Aggregated Minor Retailers)
VIOLA PABLO DANIEL;RED PROPIA;1202;1052;150;0;8;46;9;60,1;82,91016063693343;0;264;0,0;1,3795367826444829;0,8752079866888519;0,12479201331114809;40,0;150,25;0,020534389550353246;98,87059149121181;C;Demanda Erratica / Volatil;Canal Agregado / Población Retailers (Aggregated Minor Retailers)
EL TURQUITO S.A.S.;RED PROPIA;1157;1050;107;0;2;29;18;57,85;178,0592080712126;0;580;0,0;3,077946552657089;0,9075194468452895;0,09248055315471046;10,0;578,5;0,01976563120612205;98,89035712241794;C;Demanda Erratica / Volatil;Canal Agregado / Población Retailers (Aggregated Minor Retailers)
AGROEXPORTA S.A;RED PROPIA;1131;1123;8;0;3;11;7;56,55;139,43097707619012;0;427;0,0;2,4656229368026548;0,9929266136162688;0,007073386383731211;15,0;377,0;0,019321459718344026;98,90967858213628;C;Demanda Erratica / Volatil;Canal Agregado / Población Retailers (Aggregated Minor Retailers)
EL SUPER DE LA BEBIDA SRL;RED PROPIA;1127;1034;93;0;4;11;3;56,35;135,62225985589922;0;420;0,0;2,406783670912142;0,9174800354924578;0,08251996450754215;20,0;281,75;0,019253125643301255;98,92893170777958;C;Demanda Erratica / Volatil;Canal Agregado / Población Retailers (Aggregated Minor Retailers)
JUAREZ LUCAS FACUNDO;RED PROPIA;1123;1063;60;0;2;10;6;56,15;177,2646772187671;0;683;0,0;3,15698445625587;0,9465716829919858;0,053428317008014245;10,0;561,5;0,01918479156825848;98,94811649934785;C;Demanda Erratica / Volatil;Canal Agregado / Población Retailers (Aggregated Minor Retailers)
WL DISTRIBUCIONES SAS;RED PROPIA;1119;1034;85;0;3;18;8;55,95;150,36673589314194;0;495;0,0;2,687519855105307;0,9240393208221627;0,07596067917783736;15,0;373,0;0,019116457493215708;98,96723295684106;C;Demanda Erratica / Volatil;Canal Agregado / Población Retailers (Aggregated Minor Retailers)
LUIS CORDOBA E HIJOS SOC SECIV;RED PROPIA;1117;1067;50;0;3;12;5;55,85;139,20763552863644;0;431;0,0;2,492527046170751;0,955237242614145;0,044762757385854966;15,0;372,3333333333333;0,01908229045569432;98,98631524729676;C;Demanda Erratica / Volatil;Canal Agregado / Población Retailers (Aggregated Minor Retailers)
DON NESTOR S.A;RED PROPIA;1113;977;136;0;5;44;15;55,65;104,48383153690132;0;302;0,0;1,8775171884438693;0,8778077268643306;0,12219227313566937;25,0;222,6;0,019013956380651547;99,0053292036774;C;Demanda Erratica / Volatil;Canal Agregado / Población Retailers (Aggregated Minor Retailers)
DELLAGNOLO FABRICIO ABEL;RED PROPIA;1080;1080;0;0;2;8;4;54,0;166,61837896980728;0;576;0,0;3,085525536477913;1,0;0,0;10,0;540,0;0,01845020026154867;99,02377940393896;C;Demanda Erratica / Volatil;Canal Agregado / Población Retailers (Aggregated Minor Retailers)
DEFAZY RAUL CESAR;RED PROPIA;1071;897;174;0;4;23;11;53,55;118,65849937397745;0;372;0,0;2,215844992978104;0,8375350140056023;0,16246498599439776;20,0;267,75;0,018296448592702436;99,04207585253167;C;Demanda Erratica / Volatil;Canal Agregado / Población Retailers (Aggregated Minor Retailers)
NUEVO MASOL MAYORISTA SA;RED PROPIA;1066;1006;60;0;2;8;7;53,3;165,99432457006984;0;611;0,0;3,1143400482189465;0,9437148217636022;0,05628517823639775;10,0;533,0;0,018211030998898967;99,06028688353057;C;Demanda Erratica / Volatil;Canal Agregado / Población Retailers (Aggregated Minor Retailers)
DETOMA MAURICIO JOSE;RED PROPIA;1063;831;232;0;4;34;18;53,15;133,7795810869113;0;460;0,0;2,5170193995655934;0,7817497648165569;0,21825023518344308;20,0;265,75;0,018159780442616888;99,07844666397318;C;Demanda Erratica / Volatil;Canal Agregado / Población Retailers (Aggregated Minor Retailers)
RONDAN EDGARDO ALBERTO;RED PROPIA;1014;1014;0;0;3;8;3;50,7;123,83057185653222;0;342;0,0;2,4424175908586236;1,0;0,0;15,0;338,0;0,01732268802334292;99,09576935199652;C;Demanda Erratica / Volatil;Canal Agregado / Población Retailers (Aggregated Minor Retailers)
CARLOS A CAROZZO Y CIA SOCIEDA;RED PROPIA;1012;968;44;0;1;10;10;50,6;226,2900793229787;0;1012;0,0;4,472135954999579;0,9565217391304348;0,043478260869565216;5,0;1012,0;0,017288520985821534;99,11305787298234;C;Demanda Erratica / Volatil;Canal Agregado / Población Retailers (Aggregated Minor Retailers)
SCHELOVER CARLOS DAVID;RED PROPIA;1003;937;66;0;3;21;14;50,15;146,66943677607318;0;505;0,0;2,924614890848917;0,93419740777667;0,06580259222333001;15,0;334,3333333333333;0,017134769316975294;99,13019264229932;C;Demanda Erratica / Volatil;Canal Agregado / Población Retailers (Aggregated Minor Retailers)
CHABALES DISTRIBUCIONES SRL;RED PROPIA;999;515;484;0;3;30;15;49,95;137,48204667481036;0;460;0,0;2,75239332682303;0,5155155155155156;0,4844844844844845;15,0;333,0;0,017066435241932524;99,14725907754125;C;Demanda Erratica / Volatil;Canal Agregado / Población Retailers (Aggregated Minor Retailers)
MAIDANA PORTILLO GREGORIO;RED PROPIA;990;896;94;0;3;42;20;49,5;121,0917442533379;0;353;0,0;2,446297863703796;0,9050505050505051;0,09494949494949495;15,0;330,0;0,01691268357308628;99,16417176111433;C;Demanda Erratica / Volatil;Canal Agregado / Población Retailers (Aggregated Minor Retailers)
DULCEMANIAS SRL;RED PROPIA;971;836;135;0;3;16;6;48,55;123,80225106362585;0;449;0,0;2,5499948725772574;0,8609680741503605;0,13903192584963955;15,0;323,6666666666667;0,016588096716633114;99,18075985783096;C;Demanda Erratica / Volatil;Canal Agregado / Población Retailers (Aggregated Minor Retailers)
GOMEZ EDGAR EMANUEL;RED PROPIA;968;800;168;0;1;5;5;48,4;216,45138022197966;0;968;0,0;4,47213595499958;0,8264462809917356;0,17355371900826447;5,0;968,0;0,016536846160351032;99,19729670399131;C;Demanda Erratica / Volatil;Canal Agregado / Población Retailers (Aggregated Minor Retailers)
HERRERO MIGUEL ANGEL;RED PROPIA;924;924;0;0;2;2;1;46,2;142,8520029150523;0;504;0,0;3,092034695131002;1,0;0,0;10,0;462,0;0,01578517133488053;99,2130818753262;C;Demanda Erratica / Volatil;Canal Agregado / Población Retailers (Aggregated Minor Retailers)
ZORAT FIRPO ROXANA VERONICA;RED PROPIA;917;878;39;0;2;23;14;45,85;141,70401881163573;0;498;0,0;3,0906001921839854;0,9574700109051254;0,04252998909487459;10,0;458,5;0,015665586703555678;99,22874746202976;C;Demanda Erratica / Volatil;Canal Agregado / Población Retailers (Aggregated Minor Retailers)
CARLASARA ALEXIS DAMIAN;RED PROPIA;911;580;13;318;2;15;10;45,55;147,12632416789967;0;593;0,0;3,2299961398002126;0,6366630076838639;0,014270032930845226;10,0;455,5;0,015563085590991519;99,24431054762076;C;Demanda Erratica / Volatil;Canal Agregado / Población Retailers (Aggregated Minor Retailers)
DALEMAS S. R. L.;RED PROPIA;902;0;0;902;1;9;9;45,1;201,69333157048104;0;902;0,0;4,47213595499958;0,0;0,0;5,0;902,0;0,01540933392214528;99,2597198815429;C;Demanda Erratica / Volatil;Canal Agregado / Población Retailers (Aggregated Minor Retailers)
SNEIDENIT PERLA LORENA;RED PROPIA;883;794;89;0;2;19;13;44,15;141,859929062735;0;567;0,0;3,2131354261095133;0,89920724801812;0,10079275198187995;10,0;441,5;0,015084747065692109;99,27480462860859;C;Demanda Erratica / Volatil;Canal Agregado / Población Retailers (Aggregated Minor Retailers)
FAMILIA TAUIL S. A. S.;RED PROPIA;882;708;174;0;1;5;5;44,1;197,2211956154815;0;882;0,0;4,4721359549995805;0,8027210884353742;0,19727891156462585;5,0;882,0;0,015067663546931417;99,28987229215552;C;Demanda Erratica / Volatil;Canal Agregado / Población Retailers (Aggregated Minor Retailers)
DICARO S.A.S.;RED PROPIA;879;809;70;0;2;14;9;43,95;138,02535045570812;0;524;0,0;3,1405085427919937;0,9203640500568828;0,07963594994311718;10,0;439,5;0,015016412990649335;99,30488870514617;C;Demanda Erratica / Volatil;Canal Agregado / Población Retailers (Aggregated Minor Retailers)
DISTRIBUIDORA F.H. S. R. L.;RED PROPIA;859;814;45;0;2;17;12;42,95;132,75599897239258;0;467;0,0;3,090942933000991;0,9476135040745053;0,05238649592549476;10,0;429,5;0,014674742615435473;99,31956344776161;C;Demanda Erratica / Volatil;Canal Agregado / Población Retailers (Aggregated Minor Retailers)
BALDOVINI CRISTIAN PEDRO;RED PROPIA;854;639;215;0;2;13;8;42,7;139,37646860212809;0;570;0,0;3,2640859157407043;0,7482435597189696;0,25175644028103045;10,0;427,0;0,014589325021632007;99,33415277278324;C;Demanda Erratica / Volatil;Canal Agregado / Población Retailers (Aggregated Minor Retailers)
NAIDENOFF JORGE;RED PROPIA;825;694;131;0;4;48;20;41,25;84,86017911835916;0;229;0,0;2,0572164634753736;0,8412121212121212;0,15878787878787878;20,0;206,25;0,014093902977571902;99,34824667576082;C;Demanda Erratica / Volatil;Canal Agregado / Población Retailers (Aggregated Minor Retailers)
EL NUEVO SUPERMIX SA;RED PROPIA;820;712;108;0;2;17;9;41,0;126,89448579948535;0;451;0,0;3,094987458524033;0,8682926829268293;0,13170731707317074;10,0;410,0;0,014008485383768438;99,36225516114459;C;Demanda Erratica / Volatil;Canal Agregado / Población Retailers (Aggregated Minor Retailers)
AGNELLO SILVANA JOHANA;RED PROPIA;817;811;6;0;2;6;4;40,85;126,09740387160193;0;438;0,0;3,0868397520587987;0,99265605875153;0,0073439412484700125;10,0;408,5;0,013957234827486356;99,37621239597208;C;Demanda Erratica / Volatil;Canal Agregado / Población Retailers (Aggregated Minor Retailers)
SOTO ENZO GABRIEL;RED PROPIA;814;814;0;0;3;8;3;40,7;101,84255133861237;0;346;0,0;2,502273988663694;1,0;0,0;15,0;271,3333333333333;0,013905984271204277;99,39011838024328;C;Demanda Erratica / Volatil;Canal Agregado / Población Retailers (Aggregated Minor Retailers)
MAS DISTRIBUCIONES S.R.L;RED PROPIA;812;704;108;0;2;11;6;40,6;127,01114745937605;0;476;0,0;3,1283533856989174;0,8669950738916257;0,1330049261083744;10,0;406,0;0,01387181723368289;99,40399019747696;C;Demanda Erratica / Volatil;Canal Agregado / Población Retailers (Aggregated Minor Retailers)
KOLOSZYC LILIANA RAQUEL;RED PROPIA;810;810;0;0;2;3;3;40,5;124,75133160348271;0;420;0,0;3,0802797926785854;1,0;0,0;10,0;405,0;0,013837650196161505;99,41782784767312;C;Demanda Erratica / Volatil;Canal Agregado / Población Retailers (Aggregated Minor Retailers)
COMERCIAL DEL SUDESTE SRL;RED PROPIA;793;719;74;0;3;18;11;39,65;117,78538690525687;0;443;0,0;2,9706276646975254;0,9066834804539723;0,09331651954602774;15,0;264,3333333333333;0,01354723037722972;99,43137507805035;C;Demanda Erratica / Volatil;Canal Agregado / Población Retailers (Aggregated Minor Retailers)
SCARPIN ELSA IRIS;RED PROPIA;783;713;70;0;9;79;14;39,15;47,6437161041257;0;121;0,0;1,2169531571935046;0,9106002554278416;0,08939974457215837;45,0;87,0;0,013376395189622787;99,44475147323998;C;Demanda Erratica / Volatil;Canal Agregado / Población Retailers (Aggregated Minor Retailers)
RUSSO FRANCO ARIEL;RED PROPIA;781;748;33;0;2;22;12;39,05;120,32739330238718;0;408;0,0;3,0813673060790574;0,9577464788732394;0,04225352112676056;10,0;390,5;0,0133422281521014;99,45809370139207;C;Demanda Erratica / Volatil;Canal Agregado / Población Retailers (Aggregated Minor Retailers)
C.T. S.R.L.;RED PROPIA;780;780;0;0;2;2;1;39,0;120,03946719396303;0;390;0,0;3,0779350562554626;1,0;0,0;10,0;390,0;0,013325144633340709;99,47141884602541;C;Demanda Erratica / Volatil;Canal Agregado / Población Retailers (Aggregated Minor Retailers)
JR DISTRIBUCIONES SRL;RED PROPIA;776;756;20;0;2;9;7;38,8;120,4350010324416;0;436;0,0;3,1039948719701447;0,9742268041237113;0,02577319587628866;10,0;388,0;0,013256810558297935;99,48467565658372;C;Demanda Erratica / Volatil;Canal Agregado / Población Retailers (Aggregated Minor Retailers)
AVERSA FACUNDO;RED PROPIA;776;755;21;0;2;15;9;38,8;125,81255899154107;0;510;0,0;3,2425917265861104;0,9729381443298969;0,027061855670103094;10,0;388,0;0,013256810558297935;99,49793246714202;C;Demanda Erratica / Volatil;Canal Agregado / Población Retailers (Aggregated Minor Retailers)
BASAMIBO S. A. S;RED PROPIA;771;585;186;0;1;8;8;38,55;172,4008410652338;0;771;0,0;4,4721359549995805;0,7587548638132295;0,24124513618677043;5,0;771,0;0,013171392964494467;99,51110386010652;C;Demanda Erratica / Volatil;Canal Agregado / Población Retailers (Aggregated Minor Retailers)
RISSO NICOLAS ALFREDO;RED PROPIA;768;612;156;0;2;10;9;38,4;118,20873598494275;0;390;0,0;3,078352499607884;0,796875;0,203125;10,0;384,0;0,013120142408212389;99,52422400251473;C;Demanda Erratica / Volatil;Canal Agregado / Población Retailers (Aggregated Minor Retailers)
CAMPI S.A.S. S. A. S.;RED PROPIA;757;757;0;0;1;9;9;37,85;169,27034589673409;0;757;0,0;4,47213595499958;1,0;0,0;5,0;757,0;0,012932223701844764;99,53715622621657;C;Demanda Erratica / Volatil;Canal Agregado / Población Retailers (Aggregated Minor Retailers)
SUPERMERCADO MITRE SRL;RED PROPIA;745;696;49;0;2;21;12;37,25;114,99971395845432;0;400;0,0;3,0872406431799817;0,934228187919463;0,06577181208053691;10,0;372,5;0,012727221476716444;99,54988344769329;C;Demanda Erratica / Volatil;Canal Agregado / Población Retailers (Aggregated Minor Retailers)
AYALA MONICA YANINA;RED PROPIA;738;627;111;0;2;7;4;36,9;114,27846875528492;0;408;0,0;3,096977473042952;0,8495934959349594;0,15040650406504066;10,0;369,0;0,012607636845391592;99,56249108453868;C;Demanda Erratica / Volatil;Canal Agregado / Población Retailers (Aggregated Minor Retailers)
AVALOS DARIO SEBASTIAN;RED PROPIA;700;700;0;0;2;9;8;35,0;109,71062415569232;0;414;0,0;3,134589261591209;1,0;0,0;10,0;350,0;0,011958463132485251;99,57444954767116;C;Demanda Erratica / Volatil;Canal Agregado / Población Retailers (Aggregated Minor Retailers)
BUSSO CONRADO JAVIER;RED PROPIA;698;591;107;0;2;13;9;34,9;107,41993346331564;0;349;0,0;3,0779350562554626;0,8467048710601719;0,15329512893982808;10,0;349,0;0,011924296094963864;99,58637384376613;C;Demanda Erratica / Volatil;Canal Agregado / Población Retailers (Aggregated Minor Retailers)
STELTER RODOLFO MARTIN;RED PROPIA;698;236;72;390;2;11;6;34,9;108,24042439719187;0;390;0,0;3,1014448251344375;0,33810888252148996;0,10315186246418338;10,0;349,0;0,011924296094963864;99,59829813986109;C;Demanda Erratica / Volatil;Canal Agregado / Población Retailers (Aggregated Minor Retailers)
BECKER NORMA BEATRIZ;RED PROPIA;678;657;21;0;2;10;7;33,9;104,45542993116855;0;354;0,0;3,0812811189135267;0,9690265486725663;0,030973451327433628;10,0;339,0;0,01158262571975;99,60988076558084;C;Demanda Erratica / Volatil;Canal Agregado / Población Retailers (Aggregated Minor Retailers)
DISTRIB BEBIDAS J.L.VARGAS SAS;RED PROPIA;658;560;98;0;1;4;4;32,9;147,13327291948616;0;658;0,0;4,47213595499958;0,851063829787234;0,14893617021276595;5,0;658,0;0,011240955344536136;99,62112172092537;C;Demanda Erratica / Volatil;Canal Agregado / Población Retailers (Aggregated Minor Retailers)
DISTRIBUIDORA PITTAU SRL;RED PROPIA;650;600;50;0;2;9;7;32,5;100,31083270462237;0;348;0,0;3,0864871601422266;0,9230769230769231;0,07692307692307693;10,0;325,0;0,01110428719445059;99,63222600811983;C;Demanda Erratica / Volatil;Canal Agregado / Población Retailers (Aggregated Minor Retailers)
FABRI ALEXIS RUBEN;RED PROPIA;649;615;34;0;2;11;10;32,45;100,04024190294624;0;342;0,0;3,082904218888944;0,9476117103235747;0,05238828967642527;10,0;324,5;0,011087203675689897;99,64331321179552;C;Demanda Erratica / Volatil;Canal Agregado / Población Retailers (Aggregated Minor Retailers)
MENGHI DANIEL FELIPE;RED PROPIA;626;374;0;252;2;6;4;31,3;98,35119671227616;0;374;0,0;3,142210757580708;0,597444089456869;0,0;10,0;313,0;0,010694282744193952;99,65400749453971;C;Demanda Erratica / Volatil;Canal Agregado / Población Retailers (Aggregated Minor Retailers)
MEZA DANIEL;RED PROPIA;609;537;0;72;1;8;8;30,45;136,17653982973718;0;609;0,0;4,472135954999579;0,8817733990147784;0,0;5,0;609,0;0,010403862925262169;99,66441135746497;C;Demanda Erratica / Volatil;Canal Agregado / Población Retailers (Aggregated Minor Retailers)
VAN OPSTAL MIGUEL ANGEL;RED PROPIA;603;603;0;0;2;9;8;30,15;96,67322875488713;0;385;0,0;3,2064089139266048;1,0;0,0;10,0;301,5;0,010301361812698008;99,67471271927766;C;Demanda Erratica / Volatil;Canal Agregado / Población Retailers (Aggregated Minor Retailers)
MI MAYORISTA S. A. S;RED PROPIA;583;559;24;0;1;9;9;29,15;130,36276308823773;0;583;0,0;4,47213595499958;0,9588336192109777;0,0411663807890223;5,0;583,0;0,009959691437484144;99,68467241071515;C;Demanda Erratica / Volatil;Canal Agregado / Población Retailers (Aggregated Minor Retailers)
SUPER LA BANDERITA BAHIA SA;RED PROPIA;577;515;62;0;1;10;10;28,85;129,02112230173788;0;577;0,0;4,47213595499958;0,8925476603119584;0,10745233968804159;5,0;577,0;0,009857190324919985;99,69452960104007;C;Demanda Erratica / Volatil;Canal Agregado / Población Retailers (Aggregated Minor Retailers)
GALLARDO MARTA NELSA;RED PROPIA;562;506;56;0;1;5;5;28,1;125,66702033548816;0;562;0,0;4,472135954999579;0,900355871886121;0,099644128113879;5,0;562,0;0,009600937543509587;99,70413053858358;C;Demanda Erratica / Volatil;Canal Agregado / Población Retailers (Aggregated Minor Retailers)
FERREDE LACTEOS SRL;RED PROPIA;555;555;0;0;2;9;7;27,75;93,27146288910497;0;393;0,0;3,3611337978055844;1,0;0,0;10,0;277,5;0,009481352912184734;99,71361189149577;C;Demanda Erratica / Volatil;Canal Agregado / Población Retailers (Aggregated Minor Retailers)
AUTOSERVICIO GORBEÑA HNOS.S.R.;RED PROPIA;543;518;25;0;1;11;11;27,15;121,41849117823858;0;543;0,0;4,47213595499958;0,9539594843462247;0,04604051565377532;5,0;543,0;0,009276350687056416;99,72288824218283;C;Demanda Erratica / Volatil;Canal Agregado / Población Retailers (Aggregated Minor Retailers)
SOLE MIO SRL;RED PROPIA;539;521;18;0;3;12;9;26,95;77,39813339242478;0;306;0,0;2,871915895822812;0,9666048237476809;0,03339517625231911;15,0;179,66666666666666;0,009208016612013642;99,73209625879484;C;Demanda Erratica / Volatil;Canal Agregado / Población Retailers (Aggregated Minor Retailers)
GARCIA VICENTE;RED PROPIA;512;430;82;0;1;7;7;25,6;114,48668044798922;0;512;0,0;4,472135954999579;0,83984375;0,16015625;5,0;512,0;0,008746761605474926;99,74084302040032;C;Demanda Erratica / Volatil;Canal Agregado / Población Retailers (Aggregated Minor Retailers)
RECALDE MARIA EUGENIA MAXIMA;RED PROPIA;504;402;102;0;2;8;7;25,2;77,7164888011479;0;267;0,0;3,0839876508392026;0,7976190476190477;0,20238095238095238;10,0;252,0;0,00861009345538938;99,74945311385571;C;Demanda Erratica / Volatil;Canal Agregado / Población Retailers (Aggregated Minor Retailers)
SOTO LUCAS MIGUEL;RED PROPIA;504;504;0;0;1;3;3;25,2;112,69782606598942;0;504;0,0;4,4721359549995805;1,0;0,0;5,0;504,0;0,00861009345538938;99,7580632073111;C;Demanda Erratica / Volatil;Canal Agregado / Población Retailers (Aggregated Minor Retailers)
DISTRI-PROYECTAR S.A.S.;RED PROPIA;503;0;0;503;1;11;11;25,15;112,47421926823942;0;503;0,0;4,47213595499958;0,0;0,0;5,0;503,0;0,008593009936628686;99,76665621724773;C;Demanda Erratica / Volatil;Canal Agregado / Población Retailers (Aggregated Minor Retailers)
GODOY ANGEL DAVID;RED PROPIA;487;487;0;0;1;3;3;24,35;108,89651050423974;0;487;0,0;4,472135954999579;1,0;0,0;5,0;487,0;0,008319673636457596;99,77497589088419;C;Demanda Erratica / Volatil;Canal Agregado / Población Retailers (Aggregated Minor Retailers)
DE JESUS BLANCA GRACIELA;RED PROPIA;486;422;64;0;1;10;10;24,3;108,67290370648976;0;486;0,0;4,472135954999579;0,8683127572016461;0,13168724279835392;5,0;486,0;0,008302590117696903;99,78327848100189;C;Demanda Erratica / Volatil;Canal Agregado / Población Retailers (Aggregated Minor Retailers)
MEYNET EDGARDO MARIANO;RED PROPIA;470;406;64;0;2;9;8;23,5;91,35615670780516;0;407;0,0;3,8874960301193684;0,8638297872340426;0,13617021276595745;10,0;235,0;0,008029253817525811;99,79130773481941;C;Demanda Erratica / Volatil;Canal Agregado / Población Retailers (Aggregated Minor Retailers)
MAZZEI ALEJANDRO GABRIEL;RED PROPIA;470;470;0;0;1;2;2;23,5;105,09519494249011;0;470;0,0;4,472135954999579;1,0;0,0;5,0;470,0;0,008029253817525811;99,79933698863694;C;Demanda Erratica / Volatil;Canal Agregado / Población Retailers (Aggregated Minor Retailers)
LA BARBA MARIANO CARLOS;RED PROPIA;454;418;36;0;2;8;6;22,7;69,93011549133591;0;236;0,0;3,0806218278121547;0,920704845814978;0,07929515418502203;10,0;227,0;0,00775591751735472;99,8070929061543;C;Demanda Erratica / Volatil;Canal Agregado / Población Retailers (Aggregated Minor Retailers)
TEMPLE S.A.;RED PROPIA;443;425;18;0;1;8;8;22,15;99,05781140324069;0;443;0,0;4,47213595499958;0,9593679458239278;0,040632054176072234;5,0;443,0;0,007567998810987095;99,81466090496528;C;Demanda Erratica / Volatil;Canal Agregado / Población Retailers (Aggregated Minor Retailers)
INSAURRALDE GRACIELA ITATI;RED PROPIA;441;404;37;0;1;11;11;22,05;98,61059780774075;0;441;0,0;4,4721359549995805;0,9160997732426304;0,08390022675736962;5,0;441,0;0,0075338317734657085;99,82219473673875;C;Demanda Erratica / Volatil;Canal Agregado / Población Retailers (Aggregated Minor Retailers)
TABISI ROCIO BELEN;RED PROPIA;438;392;46;0;1;11;11;21,9;97,93977741449078;0;438;0,0;4,472135954999579;0,8949771689497716;0,1050228310502283;5,0;438,0;0,007482581217183628;99,82967731795594;C;Demanda Erratica / Volatil;Canal Agregado / Población Retailers (Aggregated Minor Retailers)
WU LIQING;RED PROPIA;426;370;56;0;1;2;2;21,3;95,25649584149104;0;426;0,0;4,47213595499958;0,8685446009389671;0,13145539906103287;5,0;426,0;0,00727757899205531;99,836954896948;C;Demanda Erratica / Volatil;Canal Agregado / Población Retailers (Aggregated Minor Retailers)
OVALO S.A.;RED PROPIA;426;426;0;0;1;3;3;21,3;95,25649584149104;0;426;0,0;4,47213595499958;1,0;0,0;5,0;426,0;0,00727757899205531;99,84423247594006;C;Demanda Erratica / Volatil;Canal Agregado / Población Retailers (Aggregated Minor Retailers)
JESUS GUIRAO LAG E HIJOS S.R.L;RED PROPIA;426;315;111;0;1;7;7;21,3;95,25649584149104;0;426;0,0;4,47213595499958;0,7394366197183099;0,2605633802816901;5,0;426,0;0,00727757899205531;99,85151005493212;C;Demanda Erratica / Volatil;Canal Agregado / Población Retailers (Aggregated Minor Retailers)
VILLACORTA IGNACIO ROBERTO;RED PROPIA;424;424;0;0;1;3;3;21,2;94,80928224599108;0;424;0,0;4,47213595499958;1,0;0,0;5,0;424,0;0,007243411954533923;99,85875346688665;C;Demanda Erratica / Volatil;Canal Agregado / Población Retailers (Aggregated Minor Retailers)
CASCO DOMINGO RAMON;RED PROPIA;424;346;78;0;1;6;6;21,2;94,80928224599108;0;424;0,0;4,47213595499958;0,8160377358490566;0,18396226415094338;5,0;424,0;0,007243411954533923;99,86599687884119;C;Demanda Erratica / Volatil;Canal Agregado / Población Retailers (Aggregated Minor Retailers)
NATALE RENE;RED PROPIA;414;414;0;0;1;2;2;20,7;92,57321426849128;0;414;0,0;4,472135954999579;1,0;0,0;5,0;414,0;0,00707257676692699;99,87306945560812;C;Demanda Erratica / Volatil;Canal Agregado / Población Retailers (Aggregated Minor Retailers)
PLANES GONZALO ANDRES;RED PROPIA;404;315;89;0;1;6;6;20,2;90,33714629099151;0;404;0,0;4,47213595499958;0,7797029702970297;0,2202970297029703;5,0;404,0;0,006901741579320059;99,87997119718744;C;Demanda Erratica / Volatil;Canal Agregado / Población Retailers (Aggregated Minor Retailers)
ACOSTA JUAN CARLOS CEFERINO;RED PROPIA;402;367;35;0;4;44;16;20,1;42,61566304590492;0;131;0,0;2,120182241089797;0,9129353233830846;0,08706467661691543;20,0;100,5;0,006867574541798672;99,88683877172924;C;Demanda Erratica / Volatil;Canal Agregado / Población Retailers (Aggregated Minor Retailers)
BANEGAS ANTONIO OSCAR ALEJANDR;RED PROPIA;396;370;26;0;1;4;4;19,8;88,54829190899169;0;396;0,0;4,47213595499958;0,9343434343434344;0,06565656565656566;5,0;396,0;0,0067650734292345124;99,89360384515848;C;Demanda Erratica / Volatil;Canal Agregado / Población Retailers (Aggregated Minor Retailers)
GIMENEZ LUCAS AYRTON;RED PROPIA;396;396;0;0;1;4;4;19,8;88,54829190899169;0;396;0,0;4,47213595499958;1,0;0,0;5,0;396,0;0,0067650734292345124;99,90036891858772;C;Demanda Erratica / Volatil;Canal Agregado / Población Retailers (Aggregated Minor Retailers)
RUBIOLO DISTRIBUCIONES S.A.;RED PROPIA;386;365;21;0;1;13;13;19,3;86,31222393149187;0;386;0,0;4,472135954999579;0,9455958549222798;0,054404145077720206;5,0;386,0;0,006594238241627581;99,90696315682935;C;Demanda Erratica / Volatil;Canal Agregado / Población Retailers (Aggregated Minor Retailers)
KREIN NESTOR RAUL;RED PROPIA;382;328;54;0;1;10;10;19,1;85,41779674049195;0;382;0,0;4,472135954999578;0,8586387434554974;0,14136125654450263;5,0;382,0;0,0065259041665848075;99,91348906099593;C;Demanda Erratica / Volatil;Canal Agregado / Población Retailers (Aggregated Minor Retailers)
VEGA ALFREDO MIGUEL;RED PROPIA;370;287;83;0;1;5;5;18,5;82,73451516749222;0;370;0,0;4,47213595499958;0,7756756756756756;0,22432432432432434;5,0;370,0;0,0063209019414564895;99,91980996293738;C;Demanda Erratica / Volatil;Canal Agregado / Población Retailers (Aggregated Minor Retailers)
RENZI DANIEL JESUS;RED PROPIA;349;349;0;0;3;9;7;17,45;52,636264265138294;0;215;0,0;3,016404828947753;1,0;0,0;15,0;116,33333333333333;0,005962148047481932;99,92577211098487;C;Demanda Erratica / Volatil;Canal Agregado / Población Retailers (Aggregated Minor Retailers)
ELIAS MARIO JORGE;RED PROPIA;327;327;0;0;1;6;6;16,35;73,1194228642431;0;327;0,0;4,472135954999578;1,0;0,0;5,0;327,0;0,005586310634746681;99,9313584216196;C;Demanda Erratica / Volatil;Canal Agregado / Población Retailers (Aggregated Minor Retailers)
SUCESION DE BANCO HECTOR RENE;RED PROPIA;318;293;25;0;2;10;10;15,9;68,78945757660988;0;308;0,0;4,326380979660999;0,9213836477987422;0,07861635220125786;10,0;159,0;0,005432558965900443;99,93679098058551;C;Demanda Erratica / Volatil;Canal Agregado / Población Retailers (Aggregated Minor Retailers)
CAROPRESE CARLOS ARIEL;RED PROPIA;310;310;0;0;1;4;4;15,5;69,31810730249349;0;310;0,0;4,47213595499958;1,0;0,0;5,0;310,0;0,005295890815814897;99,94208687140133;C;Demanda Erratica / Volatil;Canal Agregado / Población Retailers (Aggregated Minor Retailers)
TORTUL NESTOR ADRIAN;RED PROPIA;308;229;79;0;2;20;13;15,4;47,40019986633413;0;154;0,0;3,0779350562554626;0,7435064935064936;0,2564935064935065;10,0;154,0;0,00526172377829351;99,94734859517962;C;Demanda Erratica / Volatil;Canal Agregado / Población Retailers (Aggregated Minor Retailers)
BOIDI IRENE CAROLINA;RED PROPIA;302;282;20;0;1;6;6;15,1;67,52925292049363;0;302;0,0;4,472135954999579;0,9337748344370861;0,06622516556291391;5,0;302,0;0,005159222665729351;99,95250781784534;C;Demanda Erratica / Volatil;Canal Agregado / Población Retailers (Aggregated Minor Retailers)
GODOY OMAR ABEL;RED PROPIA;301;283;18;0;1;6;6;15,05;67,30564612274367;0;301;0,0;4,472135954999579;0,9401993355481728;0,059800664451827246;5,0;301,0;0,005142139146968657;99,95764995699231;C;Demanda Erratica / Volatil;Canal Agregado / Población Retailers (Aggregated Minor Retailers)
KROCH SERGIO DARIO;RED PROPIA;300;300;0;0;1;4;4;15,0;67,08203932499369;0;300;0,0;4,472135954999579;1,0;0,0;5,0;300,0;0,005125055628207965;99,96277501262053;C;Demanda Erratica / Volatil;Canal Agregado / Población Retailers (Aggregated Minor Retailers)
AQUINO AMALIA SOLEDAD;RED PROPIA;294;294;0;0;2;4;3;14,7;56,05645650404129;0;249;0,0;3,81336438803002;1,0;0,0;10,0;147,0;0,005022554515643806;99,96779756713617;C;Demanda Erratica / Volatil;Canal Agregado / Población Retailers (Aggregated Minor Retailers)
OVEJERO MAXIMO RODOLFO;RED PROPIA;282;282;0;0;1;5;5;14,1;63,05711696549406;0;282;0,0;4,472135954999579;1,0;0,0;5,0;282,0;0,004817552290515487;99,97261511942669;C;Demanda Erratica / Volatil;Canal Agregado / Población Retailers (Aggregated Minor Retailers)
SAMI SRL;RED PROPIA;282;244;38;0;1;7;7;14,1;63,05711696549406;0;282;0,0;4,472135954999579;0,8652482269503546;0,1347517730496454;5,0;282,0;0,004817552290515487;99,97743267171721;C;Demanda Erratica / Volatil;Canal Agregado / Población Retailers (Aggregated Minor Retailers)
SOTO SABASTIAN IDELECIO;RED PROPIA;265;225;40;0;1;11;11;13,25;59,25580140374443;0;265;0,0;4,47213595499958;0,8490566037735849;0,1509433962264151;5,0;265,0;0,0045271324715837015;99,98195980418879;C;Demanda Erratica / Volatil;Canal Agregado / Población Retailers (Aggregated Minor Retailers)
DON NIKOLA S. R. L.;RED PROPIA;258;222;36;0;1;3;3;12,9;57,69055381949458;0;258;0,0;4,47213595499958;0,8604651162790697;0,13953488372093023;5,0;258,0;0,004407547840258849;99,98636735202905;C;Demanda Erratica / Volatil;Canal Agregado / Población Retailers (Aggregated Minor Retailers)
O. A. DISTRIBUCIONES S.A;RED PROPIA;234;234;0;0;1;1;1;11,7;52,32399067349508;0;234;0,0;4,47213595499958;1,0;0,0;5,0;234,0;0,003997543390002212;99,99036489541905;C;Demanda Erratica / Volatil;Canal Agregado / Población Retailers (Aggregated Minor Retailers)
LEGUIZAMON GLADYS;RED PROPIA;233;165;68;0;1;8;8;11,65;52,10038387574511;0;233;0,0;4,47213595499958;0,7081545064377682;0,2918454935622318;5,0;233,0;0,003980459871241519;99,99434535529029;C;Demanda Erratica / Volatil;Canal Agregado / Población Retailers (Aggregated Minor Retailers)
BARRIONUEVO VICTOR ARTURO;RED PROPIA;206;165;41;0;1;3;3;10,3;46,06300033649566;0;206;0,0;4,472135954999579;0,8009708737864077;0,19902912621359223;5,0;206,0;0,003519204864702802;99,997864560155;C;Demanda Erratica / Volatil;Canal Agregado / Población Retailers (Aggregated Minor Retailers)
LA CADENITA S.A.;RED PROPIA;110;82;28;0;1;4;4;5,5;24,596747752497688;0;110;0,0;4,47213595499958;0,7454545454545455;0,2545454545454545;5,0;110,0;0,0018791870636762538;99,99974374721867;C;Demanda Erratica / Volatil;Canal Agregado / Población Retailers (Aggregated Minor Retailers)
NAZAR MARIO DARIO;RED PROPIA;15;15;0;0;1;1;1;0,75;3,3541019662496847;0;15;0,0;4,47213595499958;1,0;0,0;5,0;15,0;0,0002562527814103982;100,00000000000009;C;Demanda Erratica / Volatil;Canal Agregado / Población Retailers (Aggregated Minor Retailers)
